Fireplace,Garage,NumBedrooms,RenovationQuality,IsLuxury
0,0,1,3.14,0
1,1,4,2.3,1
1,0,3,6.05,1
1,0,4,2.78,0
0,1,2,5.34,1
0,0,4,6.56,1
0,1,3,6.12,0
0,0,2,3.7,0
0,0,3,1.06,0
0,1,3,1.6,0
0,0,2,1.51,0
0,1,3,9.34,0
0,0,1,5.97,0
1,1,3,2.51,0
0,0,2,2.66,0
0,0,3,5.77,0
0,0,4,3.73,0
0,0,3,6.14,0
0,0,3,4.03,0
1,1,3,4.15,1
1,1,2,6.01,0
0,1,4,5.61,0
1,0,4,5.16,1
0,1,4,5.3,1
0,1,4,3.77,0
0,0,3,6.33,1
1,0,2,4.63,0
0,0,4,5.3,1
0,0,3,7.6,0
0,0,4,2.7,1
0,1,4,3.55,1
1,0,4,8.64,1
1,0,3,2.77,0
0,0,3,5.32,0
1,0,4,4.09,1
0,0,2,4.99,0
0,0,3,4.89,0
1,0,2,5.71,0
1,0,4,8.99,1
0,0,4,4.81,0
0,0,4,5.98,1
0,0,4,4.08,1
0,0,3,5.87,1
1,0,4,5.27,1
0,0,2,4.07,0
0,1,4,1.39,0
0,0,2,5.09,0
0,0,4,6.21,0
0,1,4,4.99,1
1,1,3,4.01,1
1,0,3,6.18,0
0,1,2,2.81,0
0,0,5,2.74,0
0,1,4,5.14,1
0,1,3,0.86,0
0,0,1,2.58,0
0,0,3,4.41,0
1,1,5,5.32,1
1,0,1,0.37,1
0,0,2,4.97,0
0,1,3,4.97,1
1,0,4,4.81,0
0,0,4,3.66,1
0,0,3,6.13,1
0,0,2,5.03,0
1,0,3,5.41,1
0,0,4,7.7,1
0,1,4,3.9,1
1,0,4,3.84,0
0,0,1,3.07,0
0,1,3,5.27,1
1,1,3,3.67,0
0,1,4,3.8,1
1,1,2,3.32,1
0,1,3,5.79,1
0,1,2,4.68,0
0,1,4,5.52,1
0,1,3,4.24,1
0,0,2,0.54,0
1,0,2,5.3,0
1,0,3,4.21,0
0,0,4,5.43,0
1,0,2,6.97,0
0,0,3,6.45,1
0,0,2,9.28,1
0,0,2,8.04,0
0,1,3,6.93,1
0,0,3,4.13,0
0,1,3,1.27,0
0,1,5,8.01,1
0,0,2,5.93,0
1,0,2,4.66,1
0,0,3,1.73,0
0,0,1,3.87,1
0,0,4,6.06,0
0,1,3,6.26,0
1,0,3,6.82,0
0,1,4,5.2,0
0,1,3,6.41,1
0,1,1,2.68,0
0,1,2,4.69,0
1,0,3,7.14,0
0,1,4,9.34,1
0,1,3,5.42,1
1,1,5,9.17,1
1,0,2,3.11,1
0,1,3,4.55,1
1,0,4,4.03,0
1,0,3,6.47,1
0,0,4,5.49,1
0,0,4,4.83,0
0,0,1,3.87,1
0,0,4,6.57,1
0,1,2,5.91,1
0,0,2,6.86,1
0,1,5,9.1,1
0,0,1,3.53,1
0,0,3,6.41,0
1,0,5,4.91,1
0,0,4,4.15,0
0,1,2,5.11,0
0,0,3,3.13,1
0,0,2,4.19,0
0,1,1,4.68,1
0,0,3,6.4,1
0,0,3,4.78,0
0,1,3,4.47,0
0,0,5,6.76,1
0,1,3,7.39,1
0,0,5,3.09,1
0,0,2,2.97,0
1,0,3,3.44,0
1,0,4,2.34,1
1,1,2,2.01,0
1,0,2,2.81,0
0,0,2,5.27,1
1,1,2,6.68,0
0,0,2,2.35,0
0,0,1,4.17,1
1,0,4,4.83,1
0,1,2,5.29,0
0,1,4,5.92,1
0,1,5,2.28,0
0,1,5,6.41,0
1,0,4,6.84,1
1,1,2,4.88,1
0,1,3,4.34,0
0,0,4,5.86,0
0,1,3,3.93,0
0,1,1,2.15,0
0,0,3,5.05,0
0,1,4,6.21,1
0,0,4,6.04,1
0,0,5,8.74,1
1,1,4,2.04,1
0,1,4,5.05,0
0,0,4,5.76,1
1,1,3,6.51,0
0,0,4,5.01,1
0,0,2,5.29,0
0,0,4,5.26,1
0,0,4,6.97,0
0,0,3,5.38,0
0,0,2,3.99,0
0,0,4,7.13,0
0,0,4,3.24,1
0,0,3,5.43,1
0,0,2,6.9,1
0,0,5,7.06,0
0,0,1,2.3,0
0,0,2,4.14,1
0,1,3,5.18,0
0,0,4,0.76,0
1,0,4,4.65,0
1,1,4,2.72,0
1,1,3,8.12,1
1,0,3,6.23,1
0,0,6,8.34,1
0,1,2,6.71,0
1,0,2,3.34,0
0,0,4,8.35,1
0,0,3,7.19,1
1,1,4,4.95,1
0,0,5,7.52,1
0,0,4,5.87,1
1,0,4,6.82,1
1,1,3,6.64,1
1,0,4,3.78,0
1,0,4,2.39,0
0,0,3,3.05,1
0,0,3,3.81,0
1,0,3,2.9,0
0,1,2,3.53,0
0,0,2,3.94,0
0,1,3,7.72,0
0,0,3,7.31,0
0,0,1,5.73,0
1,1,4,6.01,0
0,0,3,5.5,0
0,0,4,2.77,1
0,1,2,8.98,1
0,0,3,4.51,0
0,0,4,7.93,0
0,0,4,0.49,0
0,1,2,7.49,1
0,0,5,9.08,1
1,0,4,5.25,1
0,1,3,7.36,1
0,0,5,6.88,1
0,0,4,4.41,1
1,1,2,1.78,0
0,0,1,4.49,0
0,1,4,8.14,1
0,0,3,5.14,1
0,0,1,2.09,0
0,1,4,5.84,1
0,0,1,4.4,0
0,0,3,2.14,1
0,0,2,4.51,0
0,0,2,6.16,1
0,0,3,3.48,1
0,0,5,7.2,1
1,1,2,4.22,0
0,0,3,5.1,1
0,1,5,4.15,1
1,0,5,4.21,1
0,0,3,8.09,1
1,0,2,3.45,1
0,1,3,5.15,1
0,1,2,3.57,0
0,0,4,4.91,1
0,0,3,5.48,1
0,0,3,3.53,1
0,0,2,2.79,0
1,0,3,4.53,0
0,1,1,3.77,0
0,1,3,0.82,0
0,0,3,5.49,0
0,1,2,4.05,0
0,0,4,6.51,1
0,0,4,6.16,1
0,1,3,4.41,1
0,0,5,5.65,1
1,0,1,2.6,0
0,0,4,4.59,0
1,0,1,2.34,0
1,0,2,4.12,0
0,0,3,4.24,0
0,0,3,3.58,0
0,0,3,5.61,0
0,1,3,4.31,0
1,0,3,5.79,1
0,0,4,3.26,0
0,0,4,2.21,1
0,0,2,4.03,0
0,0,2,6.16,1
0,1,4,9.02,1
1,0,2,1.89,0
1,1,4,7.15,0
0,0,4,3.91,1
0,0,3,6.13,1
0,0,1,3.07,0
0,0,5,3.25,1
0,0,3,4.53,1
0,0,3,6.06,0
0,1,4,4.77,1
0,1,3,3.62,0
0,1,2,3.54,0
0,1,2,6.0,0
0,0,1,7.27,0
0,1,5,5.61,0
0,1,4,4.09,1
0,1,2,2.3,0
0,1,3,3.15,1
0,1,3,6.34,0
1,0,4,3.57,1
0,1,4,5.55,1
0,0,3,7.26,0
0,1,3,6.07,1
0,1,1,2.83,1
0,0,4,3.4,1
0,0,2,4.95,1
0,1,3,6.76,1
0,0,4,4.19,1
0,0,3,1.52,0
0,0,4,1.5,1
0,0,3,6.23,1
0,0,4,5.6,1
0,0,3,2.96,0
0,1,3,5.23,1
0,0,3,2.17,0
0,1,2,3.81,0
0,0,2,3.74,1
0,0,4,3.54,0
0,1,3,4.08,0
0,0,3,8.44,0
0,0,2,1.89,0
1,0,2,3.87,0
1,0,1,5.01,0
0,0,5,5.27,1
0,1,5,9.35,1
1,0,2,2.87,0
0,0,3,5.43,0
0,0,2,1.96,0
0,0,3,4.37,0
1,0,3,4.94,0
1,0,2,6.56,0
0,1,2,5.31,1
1,0,2,4.92,0
1,1,4,4.44,1
0,0,3,6.04,0
0,0,5,6.9,1
0,1,3,6.34,1
0,0,3,3.45,0
0,0,3,4.7,0
0,1,3,3.21,0
0,0,3,2.57,1
1,1,2,4.26,0
0,0,3,6.52,1
0,0,3,6.3,0
0,1,2,1.73,0
0,0,3,4.6,1
1,1,4,6.3,1
0,1,3,0.43,0
0,0,3,5.2,1
0,0,2,2.99,0
0,1,3,5.52,0
0,0,2,4.82,0
0,1,6,4.92,1
0,1,4,7.67,0
0,0,3,5.18,0
0,1,2,6.09,0
0,0,3,7.81,1
0,0,3,4.42,0
1,0,1,3.34,1
0,1,4,9.91,1
0,0,1,2.22,0
1,0,2,4.05,0
0,0,3,6.37,1
1,0,3,4.2,1
1,0,4,4.8,1
0,0,4,8.23,1
0,1,4,4.8,1
0,0,4,3.18,0
0,0,4,6.04,1
0,0,3,1.31,0
0,0,5,7.3,1
0,1,3,2.57,0
0,1,4,0.09,0
0,0,2,4.4,0
0,0,4,7.22,0
0,1,2,6.12,0
0,0,3,7.61,1
0,1,3,1.34,0
1,1,2,7.03,1
0,1,4,6.14,1
0,0,3,8.57,1
0,0,3,3.63,0
0,0,3,4.61,0
0,0,3,7.43,1
0,0,3,4.03,0
0,1,3,5.3,1
0,1,4,3.09,0
0,0,3,5.53,1
0,1,4,5.59,1
1,1,3,2.73,0
1,1,2,0.75,0
0,0,3,4.13,0
0,0,3,1.89,0
1,0,3,4.67,0
0,0,3,5.16,1
0,1,3,6.29,0
0,0,3,0.98,1
1,0,3,7.01,1
1,0,5,3.55,1
0,1,1,6.03,0
0,0,3,4.08,1
0,0,3,7.66,1
0,0,3,3.25,1
1,1,3,3.69,0
1,0,3,6.23,1
0,0,2,4.86,0
0,1,3,7.17,1
1,0,1,3.97,1
0,0,4,4.89,0
1,1,2,2.61,1
0,0,2,5.52,1
0,1,2,3.5,0
0,0,1,3.2,0
0,0,2,5.45,1
0,1,5,5.39,1
1,0,3,4.24,0
0,0,3,3.67,1
1,0,3,7.67,1
0,0,3,6.87,0
0,1,3,4.39,0
0,0,3,2.57,0
1,1,2,8.93,1
0,0,2,4.58,1
1,0,1,5.08,0
1,1,3,5.31,1
1,1,3,1.86,0
0,0,5,5.07,0
0,0,2,5.24,0
0,1,4,3.26,1
1,1,4,6.67,1
1,0,4,5.2,1
1,0,4,6.73,1
0,0,4,8.96,1
0,1,1,4.2,0
0,0,4,2.46,0
0,0,2,2.77,0
1,1,3,2.09,0
0,0,3,5.43,1
0,1,3,7.54,0
0,0,3,3.18,1
0,0,3,6.42,0
0,0,3,5.64,1
1,0,2,4.36,0
1,1,5,5.97,1
0,0,1,5.64,0
0,1,3,4.55,0
0,1,3,7.63,0
0,0,2,6.09,0
0,0,4,8.24,1
1,1,2,6.42,1
1,0,5,6.8,0
0,0,4,7.63,1
0,1,3,3.92,1
1,0,4,5.7,0
0,1,4,3.67,1
0,0,5,8.46,1
0,0,2,5.04,0
0,1,2,5.58,1
0,0,5,2.92,1
0,1,3,4.32,1
0,0,3,7.22,1
1,0,4,4.65,1
0,0,3,6.26,1
1,1,4,6.28,1
0,0,4,3.13,0
0,0,4,2.58,1
1,0,2,5.57,1
0,0,3,5.23,1
0,0,2,2.45,1
0,0,4,5.34,1
1,0,4,5.59,0
0,1,2,6.55,1
0,0,4,5.74,0
0,0,3,3.27,0
0,1,2,4.28,0
0,0,2,4.96,0
0,1,4,2.82,1
0,1,2,2.12,0
0,1,4,6.51,1
1,0,3,3.42,1
0,1,2,2.29,0
0,0,1,6.86,1
0,0,3,3.4,0
0,0,2,1.83,0
0,1,2,4.83,0
0,0,2,2.51,0
0,0,3,4.33,1
0,0,4,5.14,0
0,1,6,8.07,1
0,1,3,5.4,0
1,0,4,4.49,1
1,1,4,7.63,1
0,1,3,8.14,1
1,0,3,1.62,0
1,0,2,5.4,0
0,0,1,2.75,1
0,0,2,6.36,0
0,0,2,4.27,0
0,0,4,7.22,1
0,1,3,8.26,1
0,0,2,5.4,0
1,1,1,0.53,1
0,1,3,5.81,1
0,0,4,4.15,0
1,0,3,3.08,0
1,1,2,2.81,0
0,0,5,5.4,1
0,0,3,5.94,1
0,0,4,7.4,1
1,0,3,6.57,1
0,0,4,6.87,1
0,0,2,4.68,0
0,1,1,3.07,0
1,1,4,6.0,1
0,1,3,4.4,1
0,0,2,4.26,1
0,1,2,1.15,0
0,1,3,2.03,0
0,1,3,8.22,1
0,1,2,0.67,0
0,0,3,4.73,0
0,1,4,5.81,1
1,0,3,4.15,0
0,0,2,5.34,0
1,1,2,5.1,0
0,1,3,6.62,0
0,1,3,2.59,0
0,0,4,8.97,1
0,0,4,7.87,1
0,0,2,5.12,0
0,0,3,7.13,1
0,0,3,4.77,1
1,1,3,2.77,0
0,0,1,3.43,0
0,0,4,6.53,1
0,0,3,3.51,0
0,1,2,5.1,0
0,0,2,4.47,0
1,0,2,2.44,0
0,0,2,4.4,0
0,0,3,3.92,0
0,1,2,2.81,0
1,0,4,5.33,1
0,0,4,7.64,1
0,0,5,4.81,1
0,1,5,6.56,1
0,1,4,5.32,0
1,0,4,4.96,0
0,0,3,5.54,0
0,1,3,6.89,0
0,1,5,5.49,1
0,0,2,2.4,0
0,1,3,2.11,0
0,0,4,5.37,0
0,0,2,3.49,1
0,0,4,6.59,1
1,0,4,5.38,0
0,0,3,6.21,1
0,0,3,1.12,0
0,1,2,2.27,0
0,0,3,2.56,0
0,0,2,6.12,1
1,1,2,5.13,0
1,0,4,5.12,1
0,1,3,6.32,1
1,0,4,7.37,1
0,1,3,4.44,1
0,0,4,6.62,1
1,0,4,3.04,1
0,1,4,7.63,0
0,0,4,5.13,1
0,1,4,6.02,1
1,1,4,3.81,1
0,1,3,8.77,0
0,0,3,2.87,0
0,1,3,0.34,1
0,0,3,2.29,0
0,0,3,6.48,0
0,0,3,4.23,1
0,0,2,4.88,0
0,0,4,6.7,1
0,0,3,2.28,0
0,0,1,5.67,0
0,1,2,5.0,1
1,0,4,6.32,0
1,0,2,5.21,0
1,0,5,2.72,1
0,0,3,8.31,0
0,0,3,5.34,1
0,1,4,3.87,0
1,1,3,4.33,0
0,0,4,9.3,1
1,0,1,2.27,0
0,0,2,5.91,1
0,0,3,6.44,1
0,1,3,3.12,0
1,0,4,3.47,0
0,0,3,3.47,0
0,0,6,4.86,1
0,0,2,3.89,1
0,0,4,5.18,1
0,0,3,6.84,0
0,1,3,4.82,1
1,1,2,3.57,1
0,1,5,7.04,1
0,1,3,6.73,0
0,0,5,4.98,1
0,0,2,5.17,0
0,1,3,3.95,0
1,1,3,6.38,1
0,0,4,3.76,1
0,0,2,1.76,0
1,0,3,4.05,0
0,1,3,1.3,0
1,0,2,1.33,1
1,0,4,3.41,1
0,0,5,5.48,1
0,0,2,6.03,0
1,0,4,6.93,1
0,0,3,3.53,1
1,0,3,0.72,1
1,0,3,3.61,1
1,0,4,4.79,0
0,1,3,5.91,0
0,0,2,3.18,0
0,0,3,2.26,1
0,1,3,7.67,1
0,1,4,6.86,1
0,0,2,1.34,0
0,0,3,4.48,0
0,0,2,0.09,0
1,0,4,10.0,1
0,1,4,6.07,1
0,0,3,5.79,0
1,0,3,2.18,0
0,0,3,2.04,0
1,0,3,3.41,1
0,0,3,3.8,0
0,0,5,7.2,1
1,0,2,4.35,0
0,0,2,7.43,0
1,0,3,3.76,0
0,0,3,1.08,1
1,0,4,3.83,0
0,1,2,4.69,0
0,0,3,5.79,1
1,0,3,4.43,0
1,0,3,7.25,0
1,1,2,4.14,1
1,0,2,3.8,0
0,1,2,4.98,0
0,0,2,4.89,0
1,0,5,7.26,1
0,0,6,3.53,1
1,1,1,6.28,0
1,0,3,2.93,0
0,0,4,6.3,1
0,1,1,2.8,0
0,1,4,6.41,1
1,0,2,4.19,1
0,1,3,8.27,1
1,1,2,5.09,0
0,0,3,2.97,0
1,1,1,4.1,0
0,0,3,8.44,1
0,0,1,4.79,0
0,0,4,5.38,0
0,0,4,4.06,1
0,0,2,5.29,1
0,0,5,5.52,1
0,0,2,3.64,0
1,0,3,1.35,1
0,1,5,6.04,1
1,1,4,6.26,1
0,1,3,2.84,1
0,1,3,6.04,0
1,0,3,4.61,0
0,0,3,5.16,0
1,0,3,7.69,0
0,0,4,8.68,0
0,0,4,4.35,1
0,0,5,7.42,1
0,0,4,4.9,0
0,1,2,1.5,1
0,0,5,5.63,1
1,0,4,6.68,1
1,0,3,2.42,1
0,1,1,2.79,0
0,0,3,6.48,0
0,0,2,3.62,0
0,1,4,5.36,1
0,1,3,6.96,1
1,0,3,3.31,0
0,0,4,6.8,1
0,1,4,7.05,1
1,0,2,3.32,0
1,0,5,6.67,1
0,0,4,8.1,1
0,1,4,5.66,1
0,1,3,5.26,0
0,0,3,2.97,0
0,0,4,5.14,1
1,0,5,7.2,0
0,0,3,4.97,0
1,0,3,5.14,1
0,0,3,3.23,0
0,0,3,3.62,1
1,1,4,5.26,1
0,0,2,5.84,1
0,1,3,4.73,0
0,1,2,5.0,0
0,1,3,4.3,1
0,0,4,6.7,1
1,1,3,3.14,1
0,1,3,9.01,1
0,0,3,5.71,0
1,1,3,4.22,0
0,0,4,5.25,1
0,0,3,6.99,1
0,1,3,5.47,1
0,0,2,0.68,0
0,1,3,7.42,0
1,0,3,3.12,0
0,0,3,7.27,1
0,1,2,5.3,0
0,0,3,5.57,0
1,0,2,4.02,0
1,0,3,5.77,1
0,0,3,4.58,0
0,0,4,3.7,0
0,1,4,1.25,0
1,0,1,3.12,1
1,0,5,5.39,1
1,1,3,3.11,1
1,0,2,3.47,0
1,0,3,5.74,1
0,1,4,5.03,0
1,0,3,6.52,1
1,0,3,4.72,0
0,0,2,1.99,0
1,0,4,6.36,1
1,0,2,2.53,0
1,1,4,3.71,1
1,0,2,5.2,1
1,0,5,6.73,1
0,1,4,4.99,1
1,0,3,2.15,0
1,0,2,4.41,0
0,0,3,4.43,1
1,1,4,6.39,0
1,0,2,8.34,1
0,1,3,5.22,1
0,0,4,4.97,0
1,1,3,5.83,0
0,0,4,4.79,1
1,0,4,4.21,1
0,1,2,2.26,1
1,0,1,4.3,1
0,1,3,3.73,1
1,1,4,7.09,1
1,0,5,5.77,0
0,0,2,6.11,0
0,0,3,6.57,1
0,1,3,3.84,1
1,0,5,7.07,1
1,1,3,6.84,0
0,0,5,6.2,0
0,0,4,5.91,1
0,0,2,2.83,1
1,0,3,4.03,0
0,0,3,3.01,1
0,0,3,1.87,1
0,0,4,6.64,0
0,0,4,6.67,1
1,1,4,8.11,1
1,0,1,5.51,0
0,0,3,3.5,0
0,0,3,5.05,1
0,0,2,2.42,0
0,0,3,2.72,0
0,0,4,5.11,0
1,1,2,4.94,0
1,0,2,5.68,1
0,1,3,9.07,1
0,0,2,1.41,0
0,0,4,6.08,1
1,0,4,2.66,1
1,0,5,5.85,1
1,0,5,5.9,0
0,0,4,1.54,1
0,0,4,6.57,1
0,1,4,9.89,1
0,1,3,3.71,0
0,0,5,5.69,0
0,1,2,2.64,0
1,0,4,5.16,1
0,0,3,3.39,0
0,0,2,4.12,0
0,1,4,3.39,1
0,0,3,6.7,0
1,1,2,6.11,0
0,0,4,8.55,1
0,0,1,3.68,1
0,0,3,2.14,1
0,1,4,7.08,1
0,1,2,6.18,0
1,1,4,5.55,1
0,0,1,4.35,0
0,1,4,5.36,1
0,0,3,6.93,1
1,0,3,7.24,0
0,0,3,5.22,0
0,0,4,5.34,1
1,0,3,3.39,1
0,0,3,6.81,1
1,0,5,7.73,1
0,1,4,5.26,0
0,0,4,6.78,1
0,0,2,6.7,1
0,0,2,6.82,0
1,1,3,3.25,0
0,0,1,7.32,0
0,0,5,4.55,1
0,1,3,6.63,1
0,1,3,4.2,1
0,1,4,5.09,0
0,0,2,2.89,0
1,1,4,3.55,0
0,1,4,7.58,1
0,1,3,5.25,0
1,0,5,4.18,1
0,1,2,6.27,0
1,0,2,2.88,0
0,0,2,2.76,0
0,1,3,2.28,0
0,0,2,4.01,1
1,1,3,2.97,0
0,0,2,6.97,0
1,0,4,6.34,1
1,1,2,5.1,1
1,1,3,2.67,0
0,1,3,6.28,0
0,0,4,4.86,1
0,0,2,0.11,0
0,0,3,6.39,0
1,1,4,8.61,1
0,1,1,2.26,0
1,0,4,4.48,1
0,0,3,5.17,1
0,1,4,4.81,1
0,0,1,2.59,0
0,0,6,5.31,1
0,1,4,5.34,1
0,0,1,5.52,0
0,0,3,5.01,0
0,0,3,9.72,0
0,1,3,7.14,1
0,1,3,7.78,1
0,1,4,5.06,1
1,0,3,2.89,1
1,0,3,7.46,1
0,1,3,9.77,1
0,1,1,1.75,0
0,1,5,4.34,1
0,0,3,3.29,0
0,1,1,0.57,0
1,1,4,6.35,1
0,1,2,5.13,1
0,1,2,4.17,0
0,0,2,7.89,0
0,1,3,10.0,1
1,1,4,6.84,0
1,0,2,2.64,0
0,0,5,6.29,1
0,0,3,5.08,1
0,0,3,7.87,0
0,0,3,4.39,1
0,1,4,6.99,1
0,1,3,9.42,1
1,0,3,6.28,1
1,1,2,7.11,0
0,0,3,2.61,1
0,1,3,3.15,0
0,0,5,1.2,0
0,0,3,7.6,1
0,1,2,7.53,1
0,0,3,4.38,1
0,1,4,3.8,0
0,0,3,3.88,1
0,0,4,6.96,1
1,0,3,6.63,1
0,1,2,5.73,0
0,0,4,8.1,1
1,1,3,3.86,0
0,1,4,8.71,1
0,0,4,4.68,1
0,1,2,3.82,1
1,1,2,4.81,0
0,1,4,4.44,1
1,0,1,3.65,0
0,0,3,4.66,1
0,0,2,2.25,0
0,0,2,6.16,0
0,0,4,1.62,0
1,0,4,5.86,1
1,0,2,2.68,0
0,0,3,6.72,1
0,0,1,4.97,1
0,0,3,6.86,1
0,0,2,3.68,0
0,1,5,7.48,1
0,0,4,4.43,1
0,0,2,7.93,1
0,0,4,4.71,1
1,1,1,2.92,0
0,1,4,5.81,1
0,0,3,2.02,0
0,0,4,5.39,0
1,0,4,5.46,1
0,0,4,7.31,1
0,0,3,2.54,0
1,1,3,2.69,0
0,0,2,3.2,0
0,0,3,4.79,0
1,0,3,7.87,1
0,0,3,6.79,1
0,1,2,4.12,1
0,1,4,0.46,1
0,0,3,5.86,1
0,0,2,2.64,0
0,1,3,9.47,1
0,1,3,5.17,1
0,0,4,2.52,1
0,1,3,2.88,1
1,1,4,8.62,0
1,0,1,0.39,0
0,0,4,8.22,1
0,0,1,4.41,0
0,0,3,4.44,1
0,0,3,7.8,1
0,0,2,7.03,0
1,0,3,3.78,0
0,0,4,4.77,1
0,0,2,3.73,0
0,0,3,5.74,1
0,0,4,7.39,1
0,1,3,6.28,1
0,1,2,3.95,1
1,0,2,6.63,0
0,0,2,2.38,1
0,1,3,4.91,0
0,0,3,6.76,0
0,1,1,5.51,0
1,0,5,8.92,1
0,0,4,4.35,0
0,1,3,6.54,1
0,0,3,6.75,1
0,1,4,4.3,1
0,0,2,8.17,1
1,1,2,5.41,1
0,1,4,6.06,1
0,0,3,4.08,1
1,0,6,9.68,1
1,0,4,4.85,0
0,0,2,5.08,0
1,0,3,5.33,0
0,0,3,3.79,1
0,0,3,5.92,1
1,0,3,8.33,1
0,1,3,1.51,0
1,0,3,4.64,1
0,0,3,1.65,0
0,0,4,4.71,1
1,1,4,10.0,0
0,1,4,5.85,1
0,0,3,6.24,1
0,1,3,5.69,1
0,0,3,3.66,1
0,0,4,2.96,1
0,0,2,4.78,0
0,0,3,5.36,0
1,1,4,4.06,1
0,1,4,2.6,0
0,0,3,5.76,1
0,0,2,3.37,0
1,0,1,5.84,0
0,0,4,7.71,1
1,0,5,5.59,0
0,1,3,7.99,1
0,0,2,4.86,0
0,1,2,1.93,0
0,0,2,4.54,0
0,0,1,5.34,0
0,0,2,5.92,0
0,1,4,3.06,0
0,0,4,8.09,1
0,1,3,3.28,0
0,1,3,6.06,1
0,0,2,5.97,1
1,0,4,6.27,1
1,1,2,6.05,0
0,0,3,5.23,0
1,0,2,1.27,0
1,1,2,5.61,0
0,0,3,4.09,0
0,0,2,3.17,0
0,0,4,5.21,0
0,0,2,4.68,1
1,0,4,2.22,0
1,0,3,5.16,1
0,1,2,4.53,0
0,0,3,2.33,1
0,1,2,5.97,0
0,1,4,5.7,1
0,0,1,4.31,0
0,1,3,1.78,1
0,0,2,5.03,0
0,1,3,6.5,0
1,0,4,5.86,1
1,1,3,4.48,0
0,0,2,3.43,1
0,0,3,4.13,0
0,1,4,8.41,1
0,0,2,1.37,0
0,0,4,4.85,0
0,1,1,1.31,0
0,0,3,7.86,1
0,1,3,5.1,0
0,0,3,5.69,1
0,0,2,4.75,0
0,1,3,5.54,0
0,1,2,1.73,0
0,0,4,5.81,0
0,0,4,6.92,1
1,0,3,4.36,0
1,1,4,8.06,1
0,1,5,9.63,1
0,1,2,6.72,1
1,1,3,4.68,0
0,1,3,7.69,1
0,1,4,4.85,1
0,0,2,0.89,0
0,0,4,3.56,0
0,0,4,4.73,0
0,0,4,5.14,0
1,0,3,10.0,1
0,0,2,5.76,1
0,1,2,4.25,0
0,0,4,6.45,0
0,1,4,3.06,1
0,0,3,4.73,1
0,1,2,5.12,1
0,0,5,8.06,1
0,1,2,5.77,0
0,0,2,3.62,0
0,1,4,8.25,1
0,1,2,6.21,1
0,1,5,4.09,1
0,0,3,3.19,0
0,0,3,7.15,1
0,0,3,8.31,0
1,0,3,2.66,0
0,1,3,2.75,0
0,0,3,4.73,1
0,0,2,7.0,1
1,0,3,5.91,0
0,1,2,5.01,1
0,1,3,3.32,0
0,1,4,7.5,0
1,0,2,3.78,0
0,0,3,6.05,1
0,0,2,4.08,0
0,0,3,6.06,1
0,0,3,4.96,0
1,0,4,3.07,1
1,0,2,6.16,0
1,0,3,2.68,0
1,1,4,5.41,1
1,0,3,2.04,0
1,0,4,8.1,1
0,1,2,4.02,0
1,0,2,0.34,0
0,0,1,6.25,0
1,0,2,3.89,0
0,1,3,4.38,0
1,0,5,7.9,1
1,0,3,3.4,0
0,0,3,5.0,0
0,0,2,7.58,0
1,1,3,3.86,0
0,1,2,3.8,0
0,1,5,2.76,1
0,0,4,3.67,1
1,1,3,4.62,1
0,0,5,4.7,1
0,0,2,4.96,0
0,0,1,3.23,0
0,1,4,0.68,0
0,1,1,7.52,1
0,0,2,4.56,0
1,1,3,4.19,1
0,1,5,5.55,1
1,0,1,2.93,1
0,0,5,3.08,1
1,1,4,5.2,1
0,1,2,2.66,1
0,1,2,1.51,0
1,0,4,6.09,1
0,0,2,3.33,1
1,1,3,3.64,0
0,0,2,1.74,0
0,0,1,2.2,0
0,1,2,4.3,0
0,1,4,4.58,1
0,0,2,3.92,0
0,1,3,4.46,0
0,0,1,0.42,0
0,1,1,4.77,1
0,0,3,5.25,0
0,0,2,5.39,0
0,0,3,6.99,1
0,0,2,7.9,1
0,0,2,4.28,0
0,1,3,3.09,0
0,1,4,9.32,1
0,1,3,5.66,0
0,1,2,6.12,0
0,0,3,4.61,0
0,0,4,7.26,1
1,1,1,4.86,0
0,0,3,5.59,1
0,0,3,4.02,0
0,0,2,2.13,1
0,1,5,6.14,1
0,1,3,1.02,0
0,0,2,3.04,0
0,0,2,6.07,1
0,0,2,2.34,0
0,0,4,7.72,0
0,1,3,2.84,0
1,0,4,4.37,1
1,1,2,8.49,1
0,1,3,1.38,0
0,0,5,7.03,0
0,0,2,3.0,0
1,0,2,3.0,0
1,0,2,5.05,0
1,0,3,5.58,1
0,0,3,3.28,0
1,1,2,3.66,0
0,1,3,3.19,0
1,0,3,4.4,1
0,1,3,8.51,1
0,0,4,6.57,0
1,0,4,9.65,1
1,0,3,7.8,1
0,0,4,2.22,1
0,0,3,6.92,0
1,0,4,3.78,0
0,0,3,3.47,1
0,0,2,1.3,0
0,0,3,5.38,0
0,0,4,7.09,0
0,0,3,3.35,0
1,0,2,5.23,0
0,0,3,7.57,1
0,0,2,4.1,0
0,1,3,5.2,1
0,1,3,5.62,0
0,0,4,6.83,0
0,0,2,4.88,1
0,0,3,2.09,0
0,0,2,4.85,1
0,0,3,4.06,0
1,0,2,6.57,0
1,1,3,6.0,1
0,0,2,3.2,0
0,1,3,8.58,1
0,0,3,4.13,0
0,1,3,2.84,0
0,1,2,4.35,0
0,0,5,8.33,1
0,1,2,5.35,0
0,0,4,5.42,0
1,1,3,6.99,1
1,0,3,2.23,0
1,0,5,4.26,1
0,1,4,6.43,1
0,1,4,5.53,1
0,1,1,2.51,0
0,0,3,3.91,0
0,1,3,5.71,0
1,0,5,5.65,1
1,0,3,5.26,0
0,1,4,8.05,0
0,1,3,8.01,1
1,1,3,6.85,1
0,0,3,7.08,0
0,1,1,5.38,0
1,1,2,1.91,0
0,1,3,4.56,0
0,1,3,7.69,1
0,0,3,3.61,1
0,0,1,2.83,0
1,0,3,3.4,0
0,1,3,2.88,0
0,0,3,5.5,0
0,0,3,5.01,0
1,0,4,7.44,1
1,0,2,5.15,0
0,1,5,5.5,1
1,0,3,4.33,0
0,0,4,4.23,1
0,0,2,2.34,0
0,0,5,8.61,1
0,0,3,4.3,0
0,0,3,2.58,0
1,0,3,7.76,0
0,1,4,5.9,1
1,1,5,4.4,1
0,0,2,5.71,1
1,0,3,5.36,0
0,0,4,5.35,0
0,0,2,1.99,0
0,0,3,5.43,0
0,0,4,6.19,1
0,0,3,0.94,1
1,0,4,8.03,1
0,1,2,4.22,0
0,1,4,3.5,1
0,0,3,5.65,1
0,0,4,7.71,1
0,1,4,3.17,0
1,1,3,4.83,0
1,0,3,7.68,1
0,0,3,4.78,0
0,0,2,3.46,0
0,0,4,6.33,1
1,1,3,1.65,0
1,0,4,4.3,1
1,0,4,2.61,0
0,1,3,3.25,0
0,0,3,3.57,0
1,1,2,5.55,0
1,0,3,4.68,0
0,1,3,4.57,1
0,1,1,5.3,1
0,0,4,5.21,0
0,1,5,8.04,0
0,0,3,4.04,1
1,1,2,4.65,0
0,0,2,2.26,0
1,1,3,4.08,1
1,1,4,5.51,0
0,1,2,4.28,1
1,0,2,5.77,1
0,0,3,6.71,1
0,0,5,6.91,1
0,1,2,6.22,0
0,1,3,4.79,1
0,0,3,5.48,0
0,0,2,3.94,0
1,0,4,1.28,1
0,0,1,2.79,0
0,0,3,5.62,1
1,0,2,7.04,1
0,1,3,4.97,0
0,1,2,3.32,0
1,1,3,5.42,1
1,0,4,6.72,0
0,1,3,4.9,1
0,1,3,6.38,1
0,0,3,5.33,0
0,0,4,5.9,1
1,1,3,3.68,0
1,1,3,3.37,0
0,0,3,6.1,0
0,0,5,2.94,1
0,1,3,2.95,1
1,1,3,3.64,0
0,1,2,4.83,0
1,0,2,7.71,1
0,0,5,6.7,1
0,0,4,3.52,0
0,0,3,5.99,1
0,1,3,6.5,0
0,1,3,0.52,0
0,0,3,4.49,0
0,0,2,6.75,0
0,0,3,3.92,1
1,0,2,6.98,1
0,1,3,9.83,1
1,1,3,5.32,0
1,0,4,6.13,0
1,0,3,4.12,1
0,1,4,6.18,1
0,1,3,5.99,0
0,0,2,1.7,0
0,0,1,0.16,0
0,1,2,7.07,1
1,0,1,2.0,0
1,0,1,3.02,0
0,0,3,8.41,1
1,0,3,8.78,1
0,0,3,4.12,0
0,1,2,5.09,1
0,0,5,4.81,0
1,0,1,2.93,1
0,0,4,2.0,0
0,0,2,0.06,1
0,1,1,3.16,0
1,1,4,8.13,0
1,0,2,6.1,1
0,1,5,7.94,1
0,0,4,4.79,0
1,1,1,3.8,0
0,0,3,5.84,0
0,0,3,6.86,1
0,0,3,4.71,0
0,1,4,2.91,0
0,1,4,4.01,0
1,0,4,4.96,1
0,1,2,3.95,0
1,1,2,3.67,0
1,1,3,4.74,1
0,0,3,3.25,0
1,1,3,3.99,0
0,0,3,4.69,0
1,0,2,4.47,1
0,1,3,1.42,0
0,1,1,1.74,0
0,1,4,3.18,0
0,1,3,7.73,0
0,0,3,6.2,0
0,0,4,2.31,1
0,0,4,6.81,1
1,0,3,4.62,0
0,1,3,1.76,0
1,1,2,2.09,0
0,0,3,5.58,1
0,1,4,8.31,1
0,0,3,4.55,1
0,0,3,3.69,0
1,0,1,6.11,0
0,0,3,2.7,0
0,0,3,7.89,1
1,0,4,5.6,1
0,0,5,10.0,1
1,1,2,4.42,0
0,1,2,4.02,0
1,1,3,2.32,0
1,0,2,6.57,1
0,1,3,7.31,1
0,0,4,4.33,1
0,0,5,6.17,1
1,0,4,5.99,1
0,0,3,6.79,0
0,1,4,3.47,0
1,0,2,3.48,1
0,0,3,5.82,1
0,0,3,3.97,1
1,0,4,3.73,0
0,1,4,4.11,1
0,0,3,8.31,0
1,0,3,4.37,1
0,0,3,5.79,1
0,1,3,4.72,0
0,0,3,2.86,0
1,0,4,4.95,0
0,1,3,4.88,1
1,1,5,7.99,1
0,1,3,5.82,0
1,0,3,5.52,1
0,0,2,6.03,0
0,0,3,3.92,0
0,1,3,4.8,0
0,0,4,5.51,0
0,0,4,3.53,0
1,1,6,8.86,1
0,0,3,7.16,0
0,0,3,7.48,1
0,0,4,7.47,1
0,0,3,6.11,1
0,1,3,6.51,0
0,1,4,2.49,1
0,0,4,5.45,0
0,0,3,4.46,0
0,0,4,6.66,0
1,0,3,1.93,0
1,0,2,5.94,0
0,1,2,1.95,0
0,0,1,5.11,1
0,1,3,7.17,1
0,0,3,4.71,0
1,1,2,6.26,0
0,0,4,7.47,1
1,0,3,4.57,1
0,0,2,5.43,0
0,0,2,3.62,0
1,0,2,5.31,0
0,1,3,7.64,1
1,0,3,3.0,1
0,1,3,7.44,0
0,0,2,3.74,1
0,1,3,4.28,0
0,0,2,1.12,0
1,1,4,7.96,1
0,0,3,5.03,0
1,0,3,1.85,1
0,1,4,5.97,0
0,0,3,0.53,0
1,1,1,3.05,0
1,1,4,2.12,0
1,1,3,4.23,0
0,0,1,4.5,0
0,0,3,5.44,1
0,1,4,3.73,1
1,1,4,6.73,1
1,1,5,5.98,1
0,1,3,4.2,0
0,1,3,6.66,0
0,0,2,2.7,0
0,0,2,2.68,1
0,1,2,7.57,1
1,0,2,4.49,0
0,0,4,4.28,1
1,0,4,7.45,1
0,0,4,6.58,1
0,0,4,3.21,0
0,1,3,5.13,1
0,0,2,6.47,1
1,0,1,3.94,0
0,1,3,3.34,0
0,1,2,2.45,0
0,0,5,7.63,1
1,1,2,3.91,0
0,1,3,4.3,1
1,1,2,5.47,0
0,0,3,5.21,1
1,0,2,4.39,1
0,0,1,5.0,0
1,1,2,3.34,0
1,1,2,5.26,0
0,0,3,4.2,1
0,0,3,7.4,1
0,0,4,5.03,0
1,0,4,5.37,1
1,0,2,5.0,1
1,1,2,6.52,1
0,0,3,5.31,1
0,0,3,5.86,1
0,0,2,5.7,1
0,0,3,4.57,1
1,0,2,2.23,0
0,1,3,3.53,1
1,1,4,2.76,0
0,1,3,8.0,0
0,1,1,4.21,0
0,0,4,8.28,0
0,0,2,5.61,1
0,1,3,4.84,0
0,0,1,3.61,0
0,0,5,6.5,1
0,1,2,5.07,0
0,0,3,4.94,0
0,1,4,5.22,1
0,0,4,7.77,1
0,0,4,7.77,1
0,1,3,6.35,1
0,0,3,2.39,0
0,0,3,4.65,1
0,0,4,2.64,1
0,0,3,5.83,1
0,0,2,3.71,0
0,0,3,7.63,0
0,0,3,2.09,1
0,1,3,5.81,0
1,0,2,5.18,1
0,0,4,6.24,1
0,0,2,1.52,0
1,1,3,3.48,0
1,0,4,2.56,0
1,0,3,8.98,1
0,1,4,4.9,1
0,1,4,4.82,1
0,0,3,4.19,1
0,1,3,3.48,1
0,0,3,6.69,1
1,0,3,3.26,1
0,0,2,3.86,0
0,1,4,6.27,1
1,0,3,3.0,0
0,0,3,4.6,1
0,0,3,5.6,1
0,1,2,2.11,0
0,0,3,3.39,0
0,1,4,5.69,0
0,1,3,7.47,0
0,0,4,4.57,1
0,1,3,4.35,0
0,0,3,4.9,0
0,0,3,5.88,0
1,0,3,4.29,0
0,1,4,3.14,1
0,1,2,5.06,0
0,0,3,4.73,1
0,0,3,8.86,0
0,0,2,3.23,0
1,0,4,7.23,1
0,1,2,5.52,0
1,0,4,5.03,0
0,0,4,5.03,1
0,1,2,3.98,0
0,0,1,0.07,0
0,1,4,5.02,0
0,1,3,6.25,0
0,0,3,3.03,0
0,0,3,5.35,1
0,0,1,5.13,0
0,0,2,6.4,0
1,1,2,5.19,0
0,0,2,3.7,0
1,1,4,8.11,1
0,1,5,6.76,0
0,0,2,5.75,0
0,1,4,2.88,0
0,0,3,10.0,1
0,0,4,3.01,0
1,0,5,6.22,1
0,0,3,7.21,1
0,1,3,5.88,1
0,0,4,4.97,0
1,0,3,3.18,0
0,1,5,3.34,1
1,0,4,6.6,1
1,0,6,5.04,1
0,0,3,3.33,1
0,0,1,4.89,0
1,0,3,9.72,1
0,1,1,1.97,0
0,0,2,4.26,0
0,0,5,8.82,1
1,0,3,7.25,1
0,0,3,4.41,0
0,1,1,4.5,0
1,1,3,5.59,1
1,0,3,2.35,0
0,0,3,6.3,1
0,0,3,4.73,0
1,0,3,3.78,1
0,1,2,6.15,1
0,0,4,4.0,0
0,1,4,4.67,1
0,1,3,3.39,0
0,1,3,5.11,1
0,1,4,6.53,1
0,0,3,5.73,1
0,1,3,5.19,0
0,1,2,3.56,0
0,0,3,6.0,0
0,0,2,6.77,0
0,1,4,5.54,1
0,0,2,2.87,0
0,1,2,5.55,0
0,1,2,3.94,0
0,0,1,3.36,0
0,1,4,5.16,1
0,1,3,5.66,1
1,0,2,5.04,0
0,1,4,2.53,1
0,1,2,3.73,0
0,1,3,4.53,1
0,0,2,5.51,0
0,1,3,3.99,1
0,0,4,2.56,0
0,0,5,3.63,1
0,1,3,4.94,1
0,1,4,6.22,1
1,1,2,2.87,1
0,0,2,3.3,1
0,0,4,4.17,0
1,0,2,6.5,1
1,1,3,4.2,1
1,1,2,5.58,1
0,1,3,3.51,0
0,0,2,3.78,0
0,0,2,5.32,1
0,1,4,5.77,1
0,0,4,3.69,1
0,0,3,3.39,1
0,0,3,7.35,1
0,0,2,5.8,1
0,0,1,3.4,0
1,1,2,4.92,1
0,0,4,4.3,0
1,0,2,5.32,1
0,1,3,5.81,1
1,0,3,6.07,0
0,0,4,1.57,0
1,1,4,4.35,0
0,0,3,6.41,1
0,0,5,5.81,1
0,0,4,6.35,1
0,1,3,5.46,0
0,1,5,6.43,1
1,0,3,3.94,0
0,1,5,5.21,1
1,0,3,5.4,1
0,1,4,8.8,1
0,1,3,4.86,0
1,1,3,2.04,0
0,1,5,6.82,1
0,1,1,1.51,0
0,1,2,4.41,1
1,0,3,7.25,1
0,0,3,4.18,0
1,0,3,5.88,0
0,0,2,6.21,0
0,1,5,7.55,1
0,0,5,4.78,1
0,0,2,3.19,0
0,0,2,4.44,0
0,0,5,3.46,1
0,0,3,8.18,1
1,0,5,8.61,0
0,0,3,6.32,1
0,0,1,1.13,1
0,1,4,7.63,1
0,1,2,5.48,0
0,0,2,1.64,0
0,1,3,6.2,1
0,0,2,4.48,1
1,0,4,5.4,1
0,0,3,3.78,1
0,1,4,6.22,1
0,0,2,3.18,1
0,0,2,1.46,0
1,0,2,6.66,0
0,0,4,6.01,1
0,0,1,6.25,1
0,0,3,5.23,1
0,1,2,2.42,0
0,0,3,6.34,1
0,0,3,7.32,0
0,0,4,6.11,1
0,1,1,2.22,0
1,1,3,1.35,0
0,0,3,4.51,1
0,1,3,4.38,0
0,0,1,2.51,0
0,0,3,3.17,1
1,1,1,0.49,1
0,0,2,4.54,1
0,0,1,1.42,0
0,0,3,6.95,1
1,0,2,4.75,0
0,0,5,4.34,1
0,0,2,6.15,0
0,0,3,7.69,1
0,1,1,2.29,0
0,0,4,4.27,1
0,0,2,4.01,0
0,1,4,8.8,1
0,1,4,4.76,1
0,1,3,4.0,0
0,1,4,3.6,1
1,0,3,8.53,1
0,0,5,1.16,0
0,1,4,6.29,1
0,0,3,4.98,1
0,0,4,5.8,0
1,0,3,4.74,1
0,0,3,2.65,0
0,0,4,6.04,1
0,0,4,1.94,0
1,0,3,3.17,0
0,0,1,1.36,0
0,1,2,3.72,0
1,0,2,1.59,0
0,0,3,3.93,0
0,0,3,5.2,0
0,1,3,5.98,1
0,1,3,6.43,1
1,0,1,4.37,1
0,0,3,1.32,0
0,0,1,4.21,1
1,0,2,4.57,0
0,1,5,5.0,1
0,0,5,4.96,1
0,0,3,5.85,1
0,0,4,5.19,1
0,0,2,2.45,0
0,0,2,2.33,0
0,1,2,7.12,0
0,1,3,4.16,1
0,0,1,4.43,0
0,0,4,5.9,0
1,0,3,4.46,1
0,0,4,6.32,0
0,0,3,3.6,0
0,0,4,4.55,0
1,1,2,2.94,1
0,0,3,6.48,1
0,0,4,7.79,1
1,0,2,1.95,0
1,1,2,3.51,0
0,0,5,8.35,1
0,1,2,6.25,1
0,1,2,5.48,1
0,0,4,7.01,0
0,0,5,4.99,1
0,1,4,6.67,0
1,1,2,6.67,0
1,1,4,9.32,0
0,0,5,6.14,0
0,0,1,4.6,0
0,0,3,6.53,1
0,1,3,10.0,1
0,0,4,5.96,1
0,1,4,5.93,1
0,0,3,6.15,1
1,0,2,3.9,1
1,0,4,6.94,1
0,1,3,4.9,1
0,0,2,8.72,1
0,1,3,4.7,0
1,1,3,4.78,0
0,0,3,7.71,1
0,0,2,7.25,1
1,1,4,7.33,1
0,0,3,7.94,0
0,0,3,5.09,0
0,0,2,0.64,0
0,1,6,6.72,1
0,1,3,3.86,0
0,0,2,5.06,1
0,0,4,5.65,1
0,1,3,4.75,0
1,0,1,0.14,0
1,1,5,7.54,0
0,0,3,4.8,0
0,0,4,6.21,1
0,0,2,3.38,0
1,1,4,3.22,0
0,0,4,4.21,0
1,0,2,0.64,0
0,0,4,6.72,1
1,0,3,4.28,1
1,0,4,3.42,1
0,1,3,2.16,0
0,0,1,6.28,0
0,0,2,2.33,0
0,0,4,1.01,0
1,0,2,5.09,0
1,0,4,1.66,0
0,0,2,5.72,0
0,0,4,2.78,1
0,1,5,1.56,0
0,0,1,6.52,1
0,1,4,3.92,1
0,1,4,4.88,1
1,1,2,4.65,0
0,1,4,4.77,1
1,1,4,7.93,1
0,1,3,3.54,1
1,0,3,4.43,1
0,0,2,3.93,1
1,0,1,5.05,0
0,0,3,7.34,1
0,0,3,5.95,1
1,1,3,7.06,1
1,0,2,3.09,0
1,0,4,5.57,1
1,0,2,7.27,0
0,0,3,5.9,1
0,0,3,7.84,1
1,0,4,4.38,1
0,0,2,8.59,1
0,0,3,3.53,1
1,0,1,3.59,1
0,1,3,4.4,0
0,0,2,2.49,0
1,1,3,6.24,1
0,0,3,2.57,0
0,1,2,1.78,1
0,0,2,4.31,1
1,0,4,7.09,1
0,0,5,4.99,1
0,1,4,8.27,1
0,0,2,3.46,1
1,1,3,2.59,1
0,1,4,6.47,1
0,0,3,6.81,1
1,0,1,3.08,0
0,1,4,5.05,0
0,1,3,4.71,0
0,0,2,3.57,1
0,1,3,5.75,0
0,0,2,3.07,0
1,0,5,0.65,0
0,0,2,0.27,0
1,0,2,6.67,1
1,0,1,4.58,1
0,0,3,6.77,1
0,1,2,5.1,0
0,1,4,7.22,1
1,1,4,6.59,1
0,1,4,5.59,1
0,0,2,6.11,1
0,0,2,3.01,0
0,0,2,6.89,0
0,0,3,3.38,1
0,1,4,1.53,0
1,0,3,5.92,1
0,1,2,2.75,0
0,1,3,8.2,1
0,0,4,7.88,1
0,1,4,3.93,0
0,0,4,6.42,1
0,1,3,4.08,0
1,0,3,2.12,0
0,1,4,4.35,0
0,0,3,5.34,0
0,0,3,6.06,0
0,0,3,4.05,0
1,0,1,5.12,0
0,1,4,5.06,0
1,1,4,4.41,0
1,0,4,6.27,1
1,0,3,6.98,0
1,0,2,4.9,0
0,0,4,4.89,1
0,0,3,1.66,0
0,0,4,5.7,0
1,0,3,2.46,0
0,0,3,7.66,1
0,0,2,2.92,0
0,0,4,3.24,1
1,1,3,4.37,1
1,0,2,5.09,0
0,0,3,4.68,1
0,0,2,5.89,1
0,1,5,6.9,1
1,0,1,3.52,0
1,1,2,5.85,1
0,1,1,7.84,1
1,0,2,6.63,0
0,0,4,7.77,1
0,0,4,6.02,1
0,0,1,4.72,0
0,1,4,5.17,1
1,1,1,4.57,1
1,0,2,2.69,1
1,0,2,3.55,0
1,1,6,3.97,1
1,0,2,3.47,0
0,0,5,5.24,1
1,0,2,0.79,0
0,0,1,4.66,0
0,0,2,7.25,0
0,1,3,4.82,0
1,1,2,4.92,1
0,0,3,8.61,1
0,1,3,4.68,0
0,0,3,5.01,0
0,0,2,0.52,0
0,0,2,7.41,0
0,1,3,6.24,0
0,0,1,0.65,0
0,0,4,3.41,1
0,0,4,7.27,0
0,1,3,4.92,0
0,0,4,2.87,1
1,0,2,6.82,0
0,0,3,5.45,0
0,1,3,8.06,0
0,1,2,5.61,0
0,0,3,6.32,0
0,1,3,3.58,0
0,1,2,0.78,0
0,0,4,5.92,1
0,1,4,5.92,0
0,0,3,4.95,1
0,0,3,4.15,0
0,0,3,6.39,1
0,0,3,5.21,1
1,1,3,6.05,1
0,1,3,1.48,0
0,1,4,3.44,1
0,0,4,7.02,1
1,0,3,4.59,1
0,0,2,4.43,0
0,1,3,3.6,0
0,1,4,4.64,0
0,0,4,7.38,0
0,0,3,3.69,1
1,0,2,6.55,0
0,0,3,8.17,0
0,1,4,4.6,0
0,1,3,1.69,0
0,0,3,5.72,0
0,1,3,3.2,0
0,1,2,4.46,1
0,0,1,3.45,0
0,0,2,3.18,0
0,1,4,5.53,0
0,0,2,5.04,0
0,1,4,6.21,0
0,1,1,4.32,0
1,0,4,9.08,1
0,0,3,1.01,0
1,1,4,1.91,0
0,0,3,7.52,1
0,0,3,4.3,0
0,0,4,4.33,1
0,1,4,5.38,1
1,1,1,1.64,0
1,0,3,7.17,1
0,0,2,5.13,0
0,0,3,7.77,1
0,1,3,5.46,1
0,1,3,5.25,1
0,0,3,3.76,1
1,1,4,7.51,1
0,1,1,2.79,0
0,0,5,5.05,1
0,0,3,3.46,0
0,0,4,7.81,1
1,0,3,5.63,1
0,0,1,4.34,0
0,0,2,2.43,0
0,1,3,5.72,1
0,0,2,3.96,1
0,0,2,5.65,0
1,0,3,5.39,0
1,1,1,3.01,0
0,0,3,3.37,1
1,0,5,5.85,1
0,0,3,8.57,0
0,1,4,8.02,1
0,1,3,1.83,0
1,0,2,7.06,0
0,1,2,5.59,0
1,1,1,4.01,0
0,0,3,7.04,1
0,0,4,7.3,1
0,0,5,8.63,1
0,1,4,3.69,0
0,0,3,6.19,1
0,1,1,5.85,0
0,0,4,5.67,0
0,0,4,4.16,1
0,1,3,4.15,0
0,0,4,2.59,0
0,0,2,7.19,0
1,0,3,5.54,0
0,0,2,4.67,0
0,0,5,4.27,1
1,0,3,6.14,0
0,0,3,4.66,1
1,1,1,2.45,1
1,0,3,0.38,1
0,0,4,4.81,0
1,1,4,5.21,0
0,0,1,3.13,0
1,1,3,3.87,0
0,0,2,5.93,1
0,0,1,1.1,0
1,0,4,5.36,1
0,0,2,4.61,1
0,1,3,3.8,0
0,0,3,4.63,1
1,1,1,0.6,1
1,1,4,8.14,1
0,0,3,2.64,0
0,1,4,6.26,1
0,1,3,6.76,1
0,1,3,1.89,0
0,0,3,4.45,0
0,1,5,4.0,1
0,1,3,5.96,1
1,1,2,4.52,0
1,0,4,4.55,1
0,0,1,5.92,1
0,1,2,6.56,1
0,1,4,5.52,0
0,0,2,8.84,0
1,0,4,6.79,1
0,0,3,7.55,1
1,0,1,2.15,0
1,1,3,6.08,0
0,1,4,7.62,1
0,0,3,5.96,0
1,0,3,5.19,0
1,1,2,2.1,0
1,0,4,2.97,1
0,0,3,2.59,1
0,0,4,5.09,0
0,0,3,9.42,1
0,0,1,3.71,1
0,0,4,6.72,1
1,0,3,1.41,1
1,0,1,5.89,0
1,0,3,6.42,1
0,1,3,5.73,1
0,0,3,3.57,1
0,0,3,6.81,0
0,1,3,7.68,0
0,0,2,6.97,0
0,0,4,5.16,1
0,1,3,5.99,1
0,1,3,4.68,0
0,0,4,6.27,1
1,0,1,4.46,0
1,1,3,4.74,1
0,1,4,4.24,0
0,1,2,6.13,1
0,1,1,4.88,0
0,1,3,6.69,1
0,1,2,4.02,0
0,0,3,4.15,0
0,1,2,2.76,0
0,1,2,2.25,0
0,1,3,4.68,1
1,1,5,5.47,1
0,0,3,4.0,1
1,1,5,6.34,1
0,1,4,5.92,0
0,1,1,0.13,0
0,0,2,0.81,1
0,0,1,2.34,0
0,1,3,2.68,0
1,0,3,5.52,1
0,0,5,4.93,1
0,1,4,0.44,0
1,1,3,4.92,0
1,1,4,2.68,1
1,1,4,5.24,1
1,1,1,3.6,0
0,1,3,4.0,1
1,0,3,2.0,0
0,1,1,4.49,1
0,0,4,2.77,0
0,0,4,5.78,1
0,0,3,4.77,0
0,1,4,2.41,0
1,0,4,5.49,1
0,0,3,4.43,1
0,0,2,5.97,0
0,0,1,7.67,0
0,0,2,1.91,0
0,1,5,5.93,1
0,0,1,4.53,0
0,0,3,6.91,0
1,0,3,2.34,0
0,0,3,5.4,1
1,0,3,3.73,0
0,0,2,8.46,0
1,0,2,7.0,1
0,1,1,6.51,0
0,1,5,6.5,1
0,0,3,6.02,1
0,0,4,4.53,1
0,0,3,3.36,0
0,0,2,2.84,0
0,0,2,3.58,0
0,0,2,3.57,0
0,0,3,7.82,1
0,1,3,6.2,1
0,0,3,7.09,0
1,0,3,5.85,1
0,1,3,0.78,0
1,1,2,6.14,1
0,0,3,4.13,0
0,0,3,8.03,1
1,0,3,6.3,0
1,0,3,6.42,1
1,0,2,3.41,0
0,0,3,3.81,0
0,0,1,3.11,0
0,0,4,4.03,0
0,0,3,5.45,0
0,0,3,4.27,1
1,0,7,6.54,1
1,1,4,6.56,1
0,0,4,2.16,0
0,1,2,1.93,0
1,0,1,4.55,0
0,1,3,6.21,1
0,1,3,3.99,0
1,0,2,3.41,0
0,0,4,4.91,1
1,1,3,5.07,1
0,0,4,5.54,1
0,0,3,6.91,0
1,0,3,5.53,1
0,1,3,7.63,0
1,1,3,8.18,1
0,1,3,4.2,1
0,1,3,10.0,1
0,0,3,6.84,0
0,0,4,3.09,0
1,0,2,3.22,0
0,0,4,5.67,0
0,0,2,3.93,1
0,0,3,6.38,0
0,1,3,6.27,0
0,0,4,10.0,1
0,0,4,10.0,1
0,0,3,5.27,1
0,0,3,6.1,0
0,1,2,9.01,1
0,0,3,5.7,0
0,1,2,6.6,1
0,1,4,3.74,0
0,0,2,7.49,0
1,0,1,2.36,0
1,0,3,4.9,0
0,0,2,5.53,0
1,1,3,2.03,1
0,1,3,6.31,0
0,1,3,6.27,0
0,0,5,7.07,1
0,1,2,4.34,1
0,0,2,7.66,0
0,0,3,7.05,1
0,0,2,5.55,0
1,0,3,4.29,1
0,0,2,5.16,1
1,1,3,3.31,0
0,0,2,2.27,0
0,0,3,2.07,0
0,0,3,6.17,0
0,0,5,6.3,1
0,0,3,3.43,1
0,1,5,3.59,0
0,0,4,4.14,1
0,0,2,3.63,0
1,0,3,7.97,0
1,0,4,6.48,1
0,1,4,7.31,1
0,0,3,2.57,1
1,0,2,0.68,0
0,1,4,3.34,1
0,0,1,5.3,0
0,1,4,5.32,1
0,1,3,3.8,1
0,0,4,8.36,1
0,0,4,8.42,1
0,0,3,6.23,1
0,1,4,4.68,0
1,0,5,8.53,1
1,1,1,2.67,0
0,1,2,3.46,0
0,1,3,0.61,0
0,0,3,3.12,1
0,1,5,3.72,1
0,0,3,3.98,0
0,0,3,4.02,0
0,1,1,6.88,1
1,0,3,7.38,1
0,0,2,4.02,0
0,0,5,8.18,0
0,0,4,4.56,1
0,0,2,5.07,0
0,1,6,10.0,1
1,1,4,3.84,1
0,1,1,5.44,0
1,0,4,8.73,0
0,0,4,8.13,0
1,0,2,4.12,0
0,0,4,8.59,1
0,0,2,3.84,0
1,0,3,2.38,0
0,0,2,1.04,1
0,1,5,5.06,0
0,0,3,3.81,0
1,0,5,4.73,1
0,0,4,4.77,1
0,0,3,4.09,0
1,0,4,7.87,0
0,1,2,4.22,1
0,0,4,7.24,1
0,0,2,2.66,0
0,1,4,5.91,1
0,0,2,4.2,0
0,0,3,2.99,0
1,0,2,5.7,0
1,0,3,2.1,0
0,0,2,7.83,1
0,0,4,9.46,1
0,1,4,6.86,1
0,0,5,7.6,1
1,0,3,4.63,1
1,0,5,7.23,1
0,1,3,2.27,0
0,1,1,0.01,0
0,1,2,3.41,0
0,1,3,0.95,0
0,1,3,4.15,1
0,0,2,4.1,0
0,0,4,3.72,1
0,0,1,0.15,0
1,0,3,6.65,1
0,0,2,5.15,0
0,0,3,0.93,1
0,0,5,5.94,0
0,0,4,6.04,0
1,1,3,7.54,0
1,0,3,8.6,1
0,1,2,6.87,0
0,0,2,3.75,0
0,1,4,7.42,1
0,0,4,3.87,1
0,0,3,5.13,1
1,1,2,0.12,0
0,1,3,9.87,0
1,0,4,9.57,1
0,0,2,5.66,1
0,0,4,4.97,1
0,0,4,3.89,1
0,1,3,5.75,1
0,0,3,3.0,1
0,0,1,2.59,0
0,1,3,6.8,1
1,0,4,5.81,1
0,0,3,4.52,0
1,0,3,2.79,0
0,1,2,4.56,1
0,0,2,6.45,1
0,1,3,2.2,1
1,0,3,6.17,1
0,0,2,7.09,0
1,0,2,4.56,1
1,0,2,2.79,0
0,1,3,8.13,1
0,0,3,4.93,1
0,1,3,8.86,1
0,1,3,4.14,0
0,0,3,6.23,1
0,0,3,1.52,0
0,1,2,5.26,0
0,0,2,4.19,0
0,0,3,6.19,0
1,0,3,1.89,0
0,0,5,4.76,1
0,0,3,5.65,1
0,0,3,9.83,1
1,1,3,4.32,1
0,1,4,4.8,0
0,1,2,5.09,0
0,1,4,3.41,0
0,0,2,0.36,0
1,0,5,7.85,1
0,0,5,4.04,1
0,0,5,7.12,1
0,1,4,7.22,1
0,0,2,5.75,1
0,0,5,5.06,1
0,1,3,7.93,0
0,1,3,6.23,0
0,1,4,3.19,1
1,1,3,3.83,0
0,0,2,5.33,1
0,0,3,5.73,1
0,0,3,5.71,1
0,1,4,3.45,0
0,1,3,4.89,1
1,0,4,6.84,1
1,0,4,7.35,0
0,0,3,4.27,0
0,0,5,5.56,1
0,0,5,5.51,1
0,0,3,6.46,0
0,1,3,8.85,1
0,1,4,5.64,0
1,0,3,6.62,0
0,1,2,3.77,0
0,1,3,1.14,0
0,0,3,3.24,1
0,0,4,6.85,0
0,0,3,3.78,0
0,0,2,4.23,0
0,1,2,5.44,1
0,1,4,3.22,1
0,1,3,3.25,0
0,1,3,4.85,1
0,1,2,3.85,0
0,0,2,3.09,0
0,1,3,2.49,0
1,1,5,6.84,1
0,0,3,7.39,1
0,0,2,7.38,1
0,1,3,6.72,1
0,0,3,8.43,1
0,1,4,7.4,1
0,1,5,8.88,1
0,1,2,1.57,0
0,0,5,7.69,1
0,0,3,1.63,0
0,1,5,5.46,0
0,0,3,6.11,0
1,0,3,7.82,1
1,0,4,5.61,1
0,1,3,10.0,1
1,1,2,6.74,1
0,1,4,6.78,1
0,0,4,9.07,1
0,1,3,6.53,0
1,0,4,5.05,1
1,0,4,5.28,1
1,0,4,2.99,1
0,0,5,7.01,1
0,0,3,5.82,0
0,1,4,5.78,0
0,0,3,4.44,0
1,0,3,8.26,0
1,0,1,5.09,0
0,1,3,3.63,0
1,0,4,7.23,1
0,0,4,3.76,1
1,1,5,8.59,1
1,0,3,2.13,1
1,0,3,5.5,1
0,0,2,5.34,1
0,1,2,5.95,1
0,0,4,7.64,1
1,0,2,7.01,1
1,0,4,7.01,1
1,0,1,2.62,0
0,0,2,2.88,0
0,0,3,7.01,1
0,1,3,3.87,1
0,0,4,3.02,0
0,0,2,5.04,0
0,1,2,7.56,1
0,0,4,6.96,0
0,0,3,7.89,1
0,1,3,6.08,1
0,0,3,6.63,0
0,1,3,7.44,1
1,0,3,3.26,0
0,1,2,1.71,1
0,0,3,2.51,1
0,0,4,8.1,1
0,0,3,6.88,0
1,1,2,4.57,0
0,0,3,3.4,1
0,0,2,2.1,0
1,1,2,2.13,0
1,0,4,3.25,1
0,1,3,3.78,1
0,1,3,2.59,0
1,0,2,2.87,1
0,0,3,10.0,1
1,1,2,3.11,0
0,0,3,5.77,0
0,0,4,1.29,0
0,0,3,3.85,1
1,0,2,3.02,1
1,0,2,8.95,0
1,1,2,3.78,0
0,1,4,6.36,1
0,0,3,6.04,0
0,0,3,6.97,1
0,1,3,3.1,0
0,1,2,6.6,1
1,1,3,4.41,0
0,0,2,0.74,1
0,0,3,2.69,0
1,0,4,6.34,0
1,0,2,2.03,0
0,0,5,6.22,1
0,0,3,5.11,1
0,0,2,5.98,0
1,0,2,6.02,0
0,1,2,3.8,0
0,0,2,3.95,0
0,1,2,3.46,1
0,0,2,7.24,1
0,0,2,5.49,0
0,0,3,3.36,1
0,0,4,7.4,1
0,1,2,7.75,1
1,0,2,0.31,0
0,1,2,1.66,1
0,0,3,5.05,1
0,0,2,4.07,0
0,1,1,3.77,0
0,0,4,9.29,1
0,0,2,4.11,0
0,0,1,1.17,0
0,1,3,4.77,0
0,0,5,8.56,1
0,1,3,6.07,0
0,0,3,5.03,0
0,1,2,8.58,0
0,0,4,7.13,1
0,1,3,2.34,0
0,0,2,4.32,0
0,0,2,3.07,0
1,1,3,4.55,0
1,1,3,5.4,0
0,1,3,4.68,1
1,0,3,1.55,0
0,1,3,6.34,1
0,0,5,6.08,1
1,0,3,7.27,1
0,0,2,2.41,0
0,1,2,1.99,0
0,1,4,8.08,1
0,0,4,6.47,1
0,0,4,4.85,0
0,1,2,6.95,1
1,0,3,0.1,1
0,0,5,7.72,1
0,1,4,4.57,1
0,1,4,6.41,1
1,1,3,6.4,1
1,0,3,3.54,0
1,0,3,7.4,1
0,1,3,1.59,0
1,0,6,6.49,0
0,0,4,5.23,0
0,0,2,2.47,0
1,0,4,5.74,1
0,0,5,7.85,1
0,0,2,6.58,0
0,1,2,7.24,0
1,0,3,2.29,0
0,0,4,5.85,1
0,1,3,7.96,1
0,0,3,4.93,1
0,0,1,0.58,0
0,0,3,4.68,1
1,1,4,7.02,1
1,1,3,4.95,1
0,0,4,7.21,1
0,1,3,3.54,0
1,1,1,1.83,0
0,0,2,5.99,0
0,0,4,7.35,0
0,0,1,6.38,1
1,0,2,3.98,1
0,0,3,1.49,1
0,0,4,2.76,1
1,1,4,8.46,1
0,1,3,3.75,0
0,0,2,3.51,0
0,1,2,7.63,1
0,0,2,5.54,1
1,0,4,4.93,0
0,0,4,2.6,1
1,0,4,10.0,1
0,0,2,3.74,0
1,1,4,4.97,0
0,0,1,7.24,1
0,0,3,6.34,1
0,1,4,4.72,1
0,0,4,3.03,0
0,0,3,6.74,1
1,0,3,2.96,0
0,0,4,6.85,1
0,0,3,4.62,0
0,0,2,3.79,0
0,0,3,3.43,1
0,1,4,6.08,0
1,1,4,3.95,0
1,0,4,4.28,1
0,0,3,6.45,1
0,0,3,4.12,1
1,0,1,3.44,0
1,0,1,3.35,0
0,0,4,7.34,1
1,0,3,3.54,0
0,1,3,1.63,0
1,1,3,2.05,0
1,0,3,3.76,1
0,0,5,7.11,1
1,1,4,4.96,1
0,0,3,7.51,0
0,1,5,7.13,1
0,0,2,5.55,1
0,0,3,8.62,1
1,0,2,0.35,1
1,1,1,2.12,1
1,0,3,7.15,1
0,1,3,6.87,1
0,1,4,6.56,1
0,1,1,1.07,1
0,1,2,0.88,0
0,0,3,3.2,0
0,1,2,2.52,0
0,1,3,3.77,1
0,0,2,3.48,1
0,1,3,4.15,0
0,1,3,4.78,0
0,0,4,5.95,0
1,1,4,7.97,1
0,1,2,4.94,0
1,0,3,6.36,1
1,1,3,3.7,0
1,0,3,5.17,0
0,0,2,8.26,1
1,0,4,4.11,1
1,0,4,6.7,1
1,1,4,3.97,0
0,0,3,3.1,1
1,1,4,6.07,0
0,0,3,4.56,0
0,0,4,2.92,1
0,1,4,6.14,1
0,0,3,4.65,1
0,0,2,5.76,1
0,1,4,2.14,0
1,0,5,7.26,1
1,0,3,8.03,1
1,0,2,3.83,0
0,0,2,7.58,1
0,0,1,3.7,0
0,1,3,5.37,0
0,1,2,3.63,0
0,1,3,4.07,1
0,0,3,9.28,1
0,0,4,5.9,1
0,0,3,3.27,0
1,0,2,3.68,0
0,0,3,3.91,1
0,0,5,1.68,1
0,0,2,0.81,1
1,1,2,3.16,0
0,1,4,4.29,0
1,1,1,5.4,0
0,0,2,2.33,0
0,0,1,7.36,0
1,0,2,3.32,0
0,1,3,8.25,1
0,0,1,3.11,0
1,0,3,6.94,0
0,0,4,0.71,0
0,0,2,2.75,0
1,0,4,4.81,0
0,1,2,2.32,0
0,0,5,4.21,1
0,1,3,5.55,0
1,0,2,2.3,0
1,1,1,3.39,0
1,0,4,4.81,1
0,0,3,5.8,1
0,1,3,4.35,0
0,0,3,5.51,1
0,0,5,8.97,1
1,0,3,5.31,0
0,0,3,4.11,1
0,1,2,7.09,0
1,1,1,5.69,0
0,0,5,6.48,1
0,0,3,4.42,1
0,0,2,1.69,0
1,1,2,3.07,0
1,1,5,1.82,0
0,0,3,4.53,0
0,0,3,2.92,0
0,0,5,7.13,1
0,0,4,7.34,1
0,0,3,7.86,0
0,0,3,1.65,1
0,1,3,5.09,0
0,1,3,4.32,0
0,0,2,2.49,0
0,1,3,7.51,1
0,1,3,4.26,1
0,1,4,3.98,0
0,0,3,5.54,0
0,0,4,7.05,1
0,1,1,3.14,0
0,1,3,7.54,0
1,0,3,7.21,1
0,0,3,0.21,0
1,1,4,6.01,1
1,1,2,6.88,1
0,0,3,8.15,1
0,0,4,4.6,1
0,0,3,5.68,1
0,1,2,6.53,1
0,1,4,6.99,1
0,1,3,3.81,0
0,0,5,8.48,1
0,0,1,2.32,1
0,1,3,5.42,0
0,1,3,4.58,0
0,0,3,3.81,0
1,0,4,6.21,1
1,1,3,3.04,0
0,1,2,6.03,1
0,1,2,4.91,1
0,0,3,6.25,1
0,1,3,1.76,0
0,0,4,7.12,1
1,0,5,6.39,1
0,0,3,9.01,1
1,1,3,4.52,0
1,0,3,5.02,1
0,0,3,5.68,1
1,1,4,10.0,0
0,0,3,5.28,0
1,1,4,3.96,0
0,0,4,4.46,1
0,0,4,4.4,0
0,1,3,5.5,1
1,0,2,4.56,1
0,1,4,6.66,1
0,0,3,6.84,0
0,0,3,7.06,0
0,0,2,3.33,1
1,0,2,3.05,0
0,0,3,2.95,0
0,0,5,3.52,1
0,0,2,6.29,0
1,0,3,8.58,1
0,1,2,5.37,1
0,0,3,7.57,1
1,1,2,4.9,0
1,0,2,3.01,0
0,0,3,2.24,0
0,1,4,6.15,1
0,0,4,1.24,0
0,1,3,5.4,0
1,1,3,3.3,1
1,0,3,6.1,0
1,0,3,3.98,1
0,0,2,5.74,1
1,1,3,4.46,0
0,1,6,8.38,1
1,0,2,7.51,0
1,1,4,6.49,1
0,0,4,6.57,1
1,0,3,8.03,1
0,1,2,7.31,0
0,0,3,5.01,0
0,1,2,8.71,1
1,0,2,6.62,1
0,0,1,4.36,0
1,0,3,7.71,0
0,1,4,6.11,0
0,0,2,6.77,0
1,1,3,1.58,0
0,0,3,3.32,1
0,0,5,6.36,1
1,0,2,3.45,0
0,0,4,10.0,1
0,0,2,2.75,0
0,1,3,3.91,0
0,1,2,2.5,0
0,1,2,3.63,0
0,1,4,4.61,1
1,0,3,7.42,0
0,0,4,3.13,1
0,0,2,5.91,1
0,1,4,6.37,1
1,0,3,7.57,1
0,0,4,3.19,1
0,0,2,2.05,0
0,0,3,7.37,1
0,0,2,7.15,1
0,0,4,5.8,1
0,0,4,5.83,1
1,0,4,6.42,1
1,1,2,4.25,0
0,0,4,5.85,0
0,1,4,5.92,1
1,1,3,5.52,1
0,0,5,6.64,0
0,0,3,6.19,1
1,0,3,5.13,1
0,1,3,6.86,1
0,0,2,0.65,0
0,0,3,3.47,1
0,1,4,4.94,1
1,1,2,3.87,0
0,0,2,4.9,0
0,0,3,2.02,0
0,0,3,6.26,1
1,0,3,2.32,0
0,0,2,4.97,1
1,0,3,4.84,0
0,0,3,7.22,1
0,1,3,5.49,0
1,1,3,10.0,1
1,0,2,2.22,0
0,0,3,7.22,1
0,0,3,3.85,0
0,0,2,3.27,0
0,0,3,5.46,0
0,1,4,4.1,0
0,0,2,0.4,0
1,1,2,3.5,0
0,0,2,5.63,1
0,0,3,3.5,0
1,0,2,6.64,0
1,1,2,6.61,1
0,1,5,5.47,1
0,0,3,3.56,0
0,1,2,2.93,1
1,1,3,4.49,0
0,0,4,4.24,0
0,1,4,4.0,0
0,1,4,8.2,1
0,0,3,5.45,0
0,1,4,3.34,1
0,1,2,1.71,0
0,0,4,7.17,1
0,1,4,4.45,0
0,1,3,5.48,0
0,1,5,4.33,1
0,1,4,2.68,0
1,0,2,7.65,1
0,0,3,8.42,1
0,1,3,4.88,1
0,1,4,4.36,1
0,1,2,5.63,0
0,0,1,3.39,0
0,1,3,4.32,0
0,0,3,5.95,0
1,0,4,6.06,1
0,1,3,4.6,1
0,1,5,5.35,1
0,0,1,1.87,0
0,0,2,2.33,0
0,0,2,5.18,0
0,0,4,4.66,1
0,1,2,3.28,0
0,1,4,4.55,0
0,1,2,4.35,1
0,1,1,1.92,1
0,1,4,4.37,0
0,1,3,2.85,1
1,0,3,6.03,1
0,0,4,6.26,0
0,0,4,6.13,1
0,0,3,8.76,0
1,0,5,9.79,1
1,0,3,3.28,0
0,0,2,6.65,0
0,0,3,7.35,1
0,1,3,6.97,1
0,1,4,7.45,1
0,0,3,5.07,1
0,1,4,3.1,1
1,1,3,7.37,1
0,0,1,5.91,1
1,0,2,4.53,0
0,1,4,5.11,1
0,0,2,6.17,1
0,1,1,8.8,1
0,0,3,6.31,1
0,0,3,8.52,1
0,0,4,3.86,1
0,0,4,5.67,1
0,0,3,6.59,1
0,1,4,6.48,0
0,1,4,6.36,0
0,0,5,5.25,1
0,1,2,7.22,1
1,1,4,2.97,1
0,1,5,9.72,1
0,0,3,7.3,1
0,1,4,8.39,1
0,0,3,1.45,0
1,0,3,2.03,1
0,0,3,5.76,1
0,0,2,6.82,0
0,1,2,6.39,0
0,1,2,7.18,1
0,0,5,5.4,1
0,0,3,2.43,0
1,1,2,6.95,1
0,1,2,3.21,0
0,0,5,6.48,1
0,1,3,1.12,0
1,1,4,7.08,1
1,0,3,5.49,0
0,0,3,5.99,0
0,0,4,1.98,1
0,1,4,3.04,0
0,0,2,2.78,0
0,0,3,3.22,0
1,0,5,3.99,1
0,0,3,6.09,1
0,0,3,2.37,0
0,0,3,6.23,0
0,0,3,4.63,1
0,1,4,5.61,0
1,0,2,9.76,1
0,1,4,5.01,1
0,0,1,3.97,0
1,0,3,6.44,1
1,0,4,3.7,1
0,1,2,1.2,0
1,0,4,6.6,1
0,0,3,2.08,0
1,0,3,5.7,1
0,1,2,5.51,1
0,0,3,3.92,0
0,1,3,5.84,0
0,1,2,1.07,1
0,1,2,2.17,1
0,1,1,5.81,0
0,0,5,4.35,1
0,0,4,6.6,1
0,0,3,2.46,0
0,1,2,5.14,0
0,1,3,3.5,0
0,0,3,5.77,0
0,0,4,7.67,1
1,0,5,0.74,0
0,0,2,2.5,0
1,0,5,3.58,1
0,0,3,6.58,1
0,0,4,6.27,1
0,1,3,3.97,1
1,1,1,5.05,0
0,0,2,4.46,0
0,0,3,5.75,1
1,0,3,0.41,0
1,0,3,4.57,0
1,1,2,4.77,0
1,1,2,8.17,0
1,1,4,4.56,1
0,0,3,4.8,1
1,0,3,3.32,0
0,0,4,6.82,0
0,1,4,6.74,0
1,1,2,3.87,0
0,1,2,4.13,0
0,1,3,3.64,1
0,0,3,5.2,1
0,1,4,6.57,1
0,0,2,6.01,0
0,0,4,3.95,0
0,0,5,3.34,1
1,0,1,4.6,0
0,1,4,4.06,1
0,1,4,7.56,1
0,0,3,5.53,1
1,0,1,2.25,0
0,1,4,4.43,1
0,0,3,8.08,1
0,0,3,3.34,0
0,1,1,4.19,0
0,0,4,4.07,1
1,0,3,4.65,1
0,0,2,5.79,0
0,1,4,8.71,1
0,0,5,5.02,1
0,0,2,3.49,1
0,1,2,7.77,1
0,0,2,0.67,0
1,0,1,4.09,0
1,0,5,5.91,1
0,0,3,3.62,1
0,0,3,5.33,1
0,0,4,9.35,1
0,0,1,5.26,0
0,0,4,3.9,1
0,1,5,3.06,1
0,0,4,7.11,1
0,0,2,1.17,0
0,0,4,6.83,1
1,1,5,6.93,1
0,1,2,1.59,0
0,0,4,4.81,1
0,0,3,4.98,0
0,0,6,5.89,1
0,0,4,6.58,1
1,0,3,7.67,1
0,0,2,2.18,0
0,0,2,3.75,0
0,1,3,3.32,0
0,0,2,4.95,1
0,0,4,3.67,0
0,0,1,0.29,0
1,0,4,5.7,0
0,1,3,4.53,0
0,0,2,7.54,0
0,0,2,5.06,0
1,1,3,5.67,1
0,0,1,4.73,0
0,0,2,3.6,0
0,0,3,3.39,1
1,0,3,4.16,1
0,0,4,3.43,0
1,1,2,6.45,0
0,1,2,5.26,1
0,0,3,4.29,1
1,1,4,4.47,1
0,0,2,5.38,0
0,0,2,4.27,0
0,1,4,3.24,1
0,0,4,5.83,1
0,0,2,5.28,0
0,1,4,4.96,1
0,1,2,4.05,0
0,0,2,1.44,0
0,0,3,7.52,1
1,0,4,4.53,1
0,1,4,7.08,0
0,0,2,6.73,1
1,1,4,4.64,1
0,0,4,5.34,1
1,0,2,7.07,0
0,0,3,5.08,1
1,0,2,1.13,0
0,0,4,3.69,1
1,0,3,4.08,1
0,0,5,6.9,0
0,0,3,5.3,0
1,0,2,6.96,0
0,0,1,5.18,1
0,1,2,3.81,1
0,0,2,7.46,1
0,0,2,7.25,0
0,0,4,6.16,1
1,1,4,8.5,1
0,0,4,6.45,0
0,0,4,1.44,0
1,0,4,6.85,1
0,1,2,2.48,1
1,0,4,4.72,1
1,1,4,6.42,1
0,1,2,2.36,0
0,1,4,6.42,0
1,0,3,5.86,0
1,1,4,5.81,0
0,1,3,5.9,1
0,0,3,3.99,1
0,0,3,4.71,1
0,0,2,3.53,0
0,0,2,2.17,0
0,1,4,2.23,0
0,1,3,5.01,1
0,0,2,2.7,0
1,1,3,4.68,0
0,0,3,2.84,1
1,0,3,6.67,0
1,1,5,7.34,1
0,0,3,4.98,1
1,0,2,4.15,0
0,1,3,6.21,0
0,0,5,8.74,1
0,0,3,6.41,1
1,1,3,6.02,0
0,1,3,4.69,0
1,0,2,0.96,0
1,0,3,4.43,0
0,1,3,5.74,0
0,1,4,5.6,1
1,0,2,3.77,0
0,1,3,6.52,1
1,1,4,5.34,0
0,0,4,6.5,1
0,1,2,2.9,0
0,1,3,6.03,1
0,0,5,4.65,1
0,0,3,5.92,0
0,0,2,1.96,0
1,1,4,6.45,1
0,0,3,4.18,0
0,0,3,6.44,1
0,1,2,5.04,1
0,0,3,5.81,1
0,1,4,3.99,0
1,0,4,6.81,1
1,1,2,3.11,1
1,1,3,6.58,0
0,0,4,3.26,1
0,0,3,1.9,1
1,0,2,8.45,0
0,0,3,0.97,0
1,0,3,6.47,1
1,0,2,5.6,0
0,1,3,5.39,0
0,1,2,4.78,0
0,0,5,8.82,1
0,1,3,5.77,0
0,0,2,3.16,0
0,0,3,4.52,0
0,0,1,1.93,0
1,0,5,6.07,1
1,0,1,5.91,0
0,0,4,4.5,1
0,0,1,2.17,0
0,1,1,2.18,0
0,0,3,1.99,0
0,0,3,5.68,1
1,0,2,4.25,1
0,0,4,6.69,1
0,0,2,3.2,0
0,0,3,5.81,0
1,0,4,4.07,0
0,0,4,5.43,1
1,0,3,5.49,0
0,0,3,3.34,0
0,0,2,3.92,0
0,0,4,3.44,1
0,0,3,3.96,1
0,0,3,8.27,0
1,1,3,7.0,1
0,1,3,5.8,0
1,0,3,7.39,1
0,1,4,4.52,0
1,0,3,2.84,0
1,1,4,7.09,1
1,0,2,4.67,0
0,1,5,7.48,1
0,1,4,8.89,0
0,1,4,5.81,1
0,0,3,5.19,1
1,1,1,2.56,0
0,1,3,3.76,0
0,0,2,3.61,0
1,0,3,5.06,0
0,0,2,4.71,0
0,0,3,3.57,1
0,1,3,1.98,0
0,0,2,7.8,0
0,0,2,6.98,1
0,0,3,4.07,0
1,0,2,5.31,1
0,0,4,4.67,0
0,0,2,3.75,0
0,0,3,5.33,1
0,1,4,7.25,1
0,0,3,2.72,0
1,1,5,3.69,1
1,0,3,6.15,0
1,1,2,5.58,1
0,0,2,7.19,1
0,0,4,5.69,0
1,0,1,6.73,0
0,0,3,6.79,0
0,0,4,3.99,1
0,1,5,3.59,1
0,0,2,3.77,0
1,1,3,6.42,1
0,0,2,0.05,1
0,1,4,5.71,1
0,0,2,4.84,1
1,0,3,6.93,1
0,1,5,5.27,0
0,0,4,3.76,1
0,1,3,7.57,0
0,0,4,5.05,1
0,0,1,7.34,0
0,0,2,6.32,1
0,0,4,3.73,1
0,0,5,5.0,1
0,0,1,3.69,1
1,0,2,1.68,1
1,1,4,5.63,1
0,1,3,4.8,1
0,0,3,5.63,0
0,1,3,2.63,1
0,0,4,6.15,0
0,1,3,4.06,0
0,0,2,5.53,1
0,1,4,9.46,1
0,1,3,6.64,0
0,0,3,4.25,1
0,1,3,3.59,0
1,0,2,3.62,0
1,1,1,4.45,0
1,0,3,5.73,0
1,0,5,7.01,1
0,0,3,8.19,1
0,0,2,3.36,1
0,0,1,4.52,0
0,0,3,6.69,1
0,0,3,4.75,1
0,1,3,3.65,0
0,1,3,6.73,1
0,0,3,5.71,0
0,0,2,4.46,0
0,1,4,4.21,0
0,1,3,5.89,1
1,1,2,5.06,1
0,0,3,5.19,1
1,0,2,2.88,0
1,0,3,4.8,1
0,1,3,5.84,1
0,0,3,5.77,1
1,0,4,2.27,1
1,0,2,6.62,0
1,1,4,8.68,1
0,1,3,7.5,1
0,1,4,3.0,1
0,1,1,4.89,0
0,1,4,5.25,1
1,0,2,6.64,1
0,0,2,6.21,0
0,0,3,5.48,1
0,1,3,4.48,1
0,0,5,8.18,0
1,0,1,1.48,0
0,1,3,3.42,1
0,0,1,3.19,0
0,1,3,5.44,0
0,1,2,6.44,1
0,0,3,5.33,1
1,0,4,6.72,0
1,1,2,7.81,1
0,0,3,6.21,0
0,1,3,5.55,0
0,0,3,5.2,1
0,0,3,6.42,1
0,1,4,2.93,1
0,0,2,5.21,0
0,0,3,8.44,1
1,0,4,6.16,0
1,0,1,1.4,1
1,0,3,4.28,0
0,0,1,6.4,1
0,0,2,5.82,0
0,1,3,5.51,1
0,1,1,6.12,1
1,1,3,4.81,0
0,0,2,4.5,0
0,1,3,3.37,1
0,0,2,1.29,1
0,0,4,5.86,1
1,0,1,4.86,1
0,0,4,4.9,0
0,0,2,5.44,1
0,1,4,6.0,1
0,1,4,4.26,1
0,1,3,5.07,1
0,1,1,3.28,0
1,0,2,3.54,0
0,0,3,7.76,1
0,0,2,7.03,1
1,1,3,8.73,1
0,1,5,7.45,1
0,0,4,3.15,1
0,1,4,8.4,1
1,0,2,4.88,0
0,1,2,0.08,0
0,1,4,6.72,0
0,0,2,3.26,1
0,1,2,3.46,1
0,0,4,5.92,0
0,1,5,3.68,1
0,1,3,2.27,1
0,1,3,2.1,1
1,0,2,3.07,0
0,0,4,7.26,1
0,0,3,5.56,1
0,0,3,3.95,1
0,1,3,5.65,1
0,0,4,5.93,1
0,0,4,3.73,1
1,0,4,4.85,0
1,0,3,5.38,0
0,0,3,6.2,1
1,0,3,4.66,0
0,1,4,4.64,0
0,0,3,6.85,1
0,1,2,5.98,0
0,1,4,4.87,1
1,0,3,5.63,1
0,1,3,2.4,0
0,0,2,5.15,0
0,0,3,5.65,0
0,0,3,5.27,1
1,1,3,5.44,0
0,1,2,6.26,0
0,0,3,6.6,1
0,0,4,6.58,1
0,0,3,4.46,0
0,0,1,1.01,0
0,0,2,2.88,0
0,0,3,6.71,1
0,1,3,6.62,0
0,1,3,6.29,0
0,0,3,3.78,0
0,0,2,8.52,1
0,0,3,5.59,0
0,0,3,4.73,1
0,0,2,4.18,1
0,0,2,6.34,1
0,0,2,4.96,0
0,0,4,6.04,0
0,0,3,3.39,0
0,1,2,2.35,0
0,0,2,4.14,0
0,0,2,4.09,0
0,1,4,4.19,1
0,0,4,5.29,0
1,1,4,3.52,0
1,0,4,8.09,1
0,0,2,4.94,1
0,0,3,4.97,0
0,0,4,3.96,1
0,1,4,7.89,1
0,0,3,3.21,0
0,0,2,7.46,0
0,0,2,5.55,0
0,0,4,5.17,0
0,1,4,3.9,1
0,1,2,5.72,0
0,1,2,4.26,0
1,0,4,5.55,0
0,1,4,7.11,1
0,1,4,7.0,1
1,1,3,3.36,0
0,0,3,5.56,1
1,1,4,5.1,1
0,0,3,1.94,1
0,0,1,6.83,0
0,1,4,5.24,1
1,0,3,2.07,0
0,0,1,3.99,0
0,0,2,4.74,1
0,1,3,4.4,1
0,0,2,6.22,1
0,1,4,6.94,1
0,0,2,8.53,1
0,1,5,5.03,1
1,0,2,2.51,0
0,0,3,6.03,0
0,0,2,3.67,0
1,1,3,3.83,1
0,1,3,0.56,0
0,0,3,5.11,1
0,0,3,6.17,0
0,1,2,4.34,1
0,0,3,6.59,1
0,1,3,7.5,1
0,1,2,4.61,1
0,0,3,3.92,1
0,1,4,5.72,1
0,1,1,2.81,0
1,1,5,5.58,1
1,1,4,6.21,1
1,0,3,1.87,0
0,1,5,2.95,1
0,1,4,4.88,0
0,0,3,6.12,1
0,0,4,3.43,1
0,0,4,7.76,1
0,1,4,3.68,1
1,0,3,6.49,0
0,0,2,2.99,0
1,0,6,4.14,0
1,0,2,9.97,1
0,0,3,4.37,0
0,0,5,3.77,0
0,0,3,3.61,1
1,0,2,5.79,0
0,0,4,6.08,1
1,1,2,3.78,1
0,0,2,6.24,0
0,0,4,4.87,0
0,0,3,6.05,0
1,0,5,6.2,1
1,0,4,3.72,0
0,0,1,1.29,0
0,1,2,3.11,0
0,0,1,3.41,0
0,0,4,5.71,1
1,0,2,6.05,0
0,1,2,2.85,1
1,0,2,4.43,0
0,0,5,6.65,1
1,0,2,9.42,1
0,1,3,5.87,1
0,1,4,3.74,0
0,1,2,3.35,0
0,0,3,4.57,1
0,0,3,4.52,1
0,1,3,6.94,1
1,0,3,6.81,0
0,1,4,4.49,0
0,0,4,5.11,1
0,0,4,10.0,1
0,0,3,4.4,1
0,0,3,4.31,1
0,0,4,3.69,0
0,1,4,8.3,1
0,0,4,2.22,1
1,1,3,6.4,0
0,0,4,7.64,1
0,1,4,7.91,1
0,0,3,4.29,0
1,0,3,6.06,1
0,0,3,2.67,1
0,1,4,6.44,0
0,0,3,6.36,1
0,0,1,1.04,0
0,0,3,5.38,0
0,0,2,4.29,0
1,1,5,2.73,0
0,0,3,3.98,1
1,0,3,2.86,1
0,0,3,6.93,1
0,0,4,6.58,1
1,0,1,6.56,0
1,1,2,4.88,1
1,0,4,4.89,1
0,1,4,7.71,1
0,0,2,5.64,1
0,0,3,5.3,1
1,1,4,7.92,0
0,0,3,3.84,0
0,0,4,5.57,1
1,0,2,4.96,1
1,0,1,4.52,0
0,1,3,4.34,0
0,0,3,1.18,1
0,0,3,8.61,1
0,1,3,7.08,1
0,0,4,4.46,1
0,0,3,6.61,0
0,1,3,6.88,1
0,0,3,5.26,1
0,1,3,6.47,0
0,1,3,4.28,0
1,0,4,6.59,1
0,1,5,3.16,1
0,1,3,5.74,0
0,1,3,4.82,0
0,0,3,7.96,0
0,1,3,9.29,1
1,0,3,4.68,0
1,0,3,2.45,0
0,0,4,4.09,1
0,0,2,7.46,1
0,1,2,5.93,0
1,0,3,8.17,1
0,0,2,3.6,1
0,1,4,5.04,0
1,1,3,6.17,0
0,0,1,2.48,0
0,0,3,3.47,0
0,1,3,5.72,1
1,0,4,8.13,1
0,0,4,5.15,1
0,0,4,6.9,1
0,1,3,3.4,0
0,0,2,3.86,1
0,1,2,9.65,1
0,0,4,3.49,1
1,1,2,3.77,0
1,0,2,4.79,1
0,1,3,6.13,0
0,1,2,4.18,0
0,1,1,5.09,0
1,0,4,6.84,1
0,0,2,1.53,0
0,1,3,4.86,0
0,0,4,5.56,1
1,0,2,5.86,1
1,1,3,4.7,0
0,1,2,7.79,1
0,0,4,8.34,1
0,0,3,3.39,0
1,0,2,6.99,0
1,0,4,4.71,0
0,0,4,6.27,0
0,1,3,6.58,0
0,0,3,9.45,1
1,0,4,4.33,0
0,0,2,3.27,0
0,0,3,7.3,1
0,0,3,4.8,0
1,0,3,10.0,1
0,0,4,6.91,1
0,1,3,7.64,1
0,0,4,5.76,0
1,0,3,3.95,0
0,0,2,3.47,0
0,0,2,5.76,0
0,0,2,4.03,0
0,0,5,5.7,1
0,0,5,8.38,1
1,0,4,1.86,0
0,0,4,5.23,1
0,0,2,7.44,1
0,0,3,3.69,1
0,0,4,3.8,1
1,0,3,4.96,0
0,0,1,5.2,0
0,0,3,5.2,0
0,0,2,4.33,1
0,1,4,3.9,1
1,0,5,4.36,0
0,1,3,3.21,0
0,0,4,6.14,1
0,0,2,6.3,0
0,0,5,3.92,1
0,1,3,2.62,1
0,0,3,4.95,0
0,1,4,3.26,1
1,1,1,5.75,1
0,0,1,0.11,0
0,1,4,1.64,0
0,0,4,4.72,0
0,0,4,7.52,1
0,0,2,6.11,1
0,0,3,3.07,0
1,0,5,3.8,1
0,1,2,5.6,0
0,0,3,5.01,1
0,0,2,4.84,1
0,0,2,6.28,1
1,0,4,5.03,0
0,1,4,4.15,0
0,0,4,10.0,1
0,0,3,0.97,1
0,1,3,6.72,1
1,1,4,6.98,1
0,0,3,3.84,1
1,1,2,6.89,0
0,0,2,4.44,0
0,0,3,6.47,1
1,1,4,9.88,1
0,0,1,6.27,1
0,0,3,5.91,1
0,0,3,4.84,0
0,0,5,5.64,0
0,0,4,2.09,0
0,0,1,0.95,0
0,1,4,7.15,0
1,0,5,10.0,1
0,1,2,4.35,0
0,1,1,3.36,0
0,0,2,1.53,0
1,1,1,2.66,0
1,0,2,4.01,0
0,0,2,2.97,1
1,1,2,4.54,0
0,0,4,6.8,0
0,0,4,6.25,0
0,0,4,4.41,1
0,0,4,4.01,0
0,0,3,3.73,0
0,1,3,6.82,1
1,0,2,4.81,0
1,1,5,6.54,1
0,0,2,6.12,0
0,0,4,0.62,0
0,0,2,4.77,0
0,0,3,1.05,0
0,1,2,1.8,1
1,1,4,8.07,1
0,0,4,5.18,0
1,1,3,3.21,1
1,0,2,5.61,0
1,0,3,3.18,0
0,1,4,9.11,1
1,1,3,1.49,0
0,0,3,6.68,1
0,1,4,8.02,1
0,0,4,6.21,1
0,1,4,5.86,1
1,0,4,2.72,1
1,0,1,5.63,0
0,1,3,4.73,0
1,0,4,5.04,1
1,1,4,7.26,0
0,0,2,4.46,0
1,0,3,7.85,1
1,1,4,3.71,1
0,0,2,7.05,0
0,0,1,3.43,0
0,0,3,4.81,0
1,1,4,2.48,1
0,0,3,3.81,1
0,0,3,7.36,0
1,0,4,5.55,0
0,1,4,4.96,0
0,0,4,6.03,1
0,1,1,3.35,0
0,0,3,3.67,1
1,0,3,6.67,0
1,0,3,4.76,1
0,0,2,8.07,1
0,0,5,8.78,1
0,0,3,3.83,0
0,0,4,8.13,1
0,1,2,3.37,0
0,0,3,3.12,1
0,1,2,5.15,0
0,0,3,4.72,1
1,0,1,0.15,0
0,1,3,4.01,1
0,0,3,5.73,1
0,1,3,6.26,1
0,0,2,4.93,1
1,0,2,8.73,1
0,1,3,3.03,0
0,0,4,6.43,1
0,1,4,5.49,1
0,1,3,7.98,1
0,0,4,5.32,1
0,1,1,5.43,1
0,0,2,3.26,0
0,1,2,5.52,0
0,1,4,3.81,1
0,1,1,5.67,0
0,0,3,6.83,1
0,0,2,3.01,0
0,1,5,9.85,0
0,0,4,5.28,0
1,1,3,4.68,1
1,0,1,5.84,0
1,0,3,2.2,1
1,1,4,9.78,1
0,0,4,7.25,1
0,1,2,3.52,0
0,1,3,5.14,0
0,1,3,5.91,1
0,1,3,4.55,1
1,0,4,7.54,1
0,0,2,7.14,1
0,0,2,6.59,0
0,0,2,0.46,0
0,0,3,6.29,1
0,1,3,5.1,1
0,0,3,3.7,1
0,0,2,4.83,0
0,0,2,3.27,0
0,0,1,5.07,0
0,1,1,1.52,0
0,1,3,4.58,0
0,0,4,6.37,1
1,1,2,5.64,0
0,0,3,6.5,1
0,0,3,5.65,0
0,1,3,8.64,1
1,0,2,3.99,0
0,0,4,5.43,1
1,1,3,5.63,0
0,0,3,8.54,1
0,1,1,2.43,0
1,0,3,6.08,0
0,1,2,0.15,0
0,1,3,4.3,0
0,0,2,3.42,0
0,0,2,6.87,1
0,0,1,0.22,0
1,0,2,7.16,0
0,0,3,4.4,0
1,0,5,2.57,1
0,1,4,5.7,1
0,1,1,1.86,1
0,1,3,5.09,0
0,1,3,7.04,1
1,1,3,5.53,0
0,1,3,1.73,1
1,0,3,1.33,1
0,0,2,4.91,0
1,0,3,2.2,1
0,0,2,5.36,1
0,1,1,0.34,0
0,1,3,6.15,0
0,1,2,9.33,0
0,1,3,5.19,0
0,0,2,2.35,0
1,0,4,2.28,0
0,0,3,3.47,1
0,0,4,6.95,0
0,1,1,1.71,0
0,1,2,6.55,1
0,1,3,4.62,1
0,1,2,3.12,0
0,0,3,7.68,0
0,1,5,5.19,1
1,1,2,4.16,1
0,0,5,3.97,1
0,0,4,1.14,1
1,0,4,8.24,1
1,1,4,6.76,1
0,0,4,7.57,0
0,1,3,4.54,0
0,1,2,8.22,1
0,0,3,1.47,0
0,1,3,4.28,0
1,1,4,7.28,0
0,1,4,8.75,1
0,1,2,5.24,1
1,0,2,1.11,0
0,0,3,6.69,1
0,0,4,9.64,1
0,0,3,7.15,0
0,1,4,3.61,1
0,1,3,8.33,0
1,0,2,5.64,1
0,0,2,4.89,0
0,1,3,5.42,1
0,1,4,7.14,1
0,1,4,3.45,0
1,1,2,4.22,0
0,0,3,5.35,1
0,0,3,4.19,0
1,1,4,8.07,1
1,0,3,4.74,0
0,0,3,2.7,0
0,0,2,8.38,1
0,1,3,5.39,1
0,0,2,3.62,0
0,0,4,6.74,1
1,0,4,6.62,1
0,0,3,6.65,0
1,1,4,2.59,1
0,1,3,5.72,1
1,1,2,2.11,0
0,0,4,8.44,0
0,0,4,7.76,1
0,0,3,3.65,0
0,0,3,8.67,1
0,1,4,7.79,1
0,0,3,4.0,0
0,0,5,4.15,1
0,0,3,4.6,1
0,0,4,10.0,1
0,0,3,1.79,1
0,0,4,6.36,1
1,0,2,4.34,0
0,0,2,6.37,1
0,1,3,7.49,1
0,1,4,6.06,1
1,0,5,6.73,1
0,0,3,5.76,1
0,0,2,6.47,0
0,1,2,7.5,1
0,0,3,3.39,0
0,1,1,4.01,1
0,0,1,6.07,0
0,1,4,3.46,1
1,0,4,4.76,0
0,0,2,6.63,1
0,0,2,3.71,0
1,0,3,5.75,1
0,1,2,4.51,0
0,0,1,2.04,0
1,0,1,0.18,0
1,1,2,3.89,1
0,0,3,4.46,0
0,0,1,3.76,0
1,1,4,4.22,1
0,0,3,6.07,1
1,0,2,6.35,1
0,1,2,4.31,0
1,1,5,8.09,1
1,0,4,1.65,0
0,1,4,1.86,0
0,0,2,4.63,1
1,0,4,3.81,0
1,0,3,5.51,0
0,0,3,6.55,1
1,1,2,2.77,0
0,0,2,1.77,0
0,0,2,2.9,1
1,0,2,4.07,0
0,1,4,5.19,1
0,1,3,3.92,1
0,0,2,7.3,0
1,0,2,5.54,1
1,1,3,3.01,0
0,0,2,0.98,0
1,1,2,5.54,1
1,0,2,5.24,1
0,0,2,3.78,0
0,0,4,7.24,1
0,0,2,6.21,1
0,0,3,6.64,1
0,0,3,1.89,0
1,0,4,7.27,1
0,0,3,5.79,1
1,0,4,4.44,1
0,1,3,2.51,0
0,1,2,5.77,1
0,0,3,4.71,0
0,0,2,5.44,1
0,0,3,7.42,1
0,0,4,5.55,1
0,1,3,8.77,1
0,1,3,7.03,0
1,0,3,3.4,0
0,1,2,4.93,0
0,1,2,4.12,0
0,0,4,4.38,1
0,0,3,7.17,1
1,0,3,5.7,1
1,0,3,7.09,1
0,0,3,7.06,0
0,0,4,10.0,1
0,1,4,4.25,0
0,0,1,2.56,0
0,1,4,4.72,0
1,0,3,3.96,0
0,1,4,0.9,0
0,0,6,6.39,1
0,1,3,5.44,0
0,1,3,1.39,0
1,0,2,1.18,0
0,0,4,6.52,1
0,0,2,5.59,0
0,1,5,4.49,1
0,1,3,6.2,0
0,0,1,1.96,0
0,1,4,6.85,1
0,0,2,5.55,0
0,1,4,6.13,0
1,0,4,6.38,0
0,1,1,1.94,0
0,0,2,2.1,0
0,0,2,9.02,1
0,1,1,1.95,0
1,0,4,6.04,0
0,1,2,1.51,0
0,0,2,4.08,0
0,0,2,6.08,1
1,0,3,6.35,0
0,0,4,6.41,1
0,0,3,7.16,1
1,0,3,3.06,0
0,0,4,4.46,1
0,1,3,3.19,0
0,0,1,2.27,0
0,0,3,3.83,0
1,1,3,4.97,0
0,1,3,3.28,0
0,1,2,4.66,0
0,1,4,4.65,0
0,0,3,4.78,1
0,1,2,5.13,0
0,0,3,8.56,1
0,0,2,4.83,0
0,1,3,5.91,1
0,0,2,4.96,1
1,1,5,7.96,1
0,1,3,3.57,1
1,1,2,5.01,1
0,0,3,2.06,0
1,0,4,5.75,0
0,1,3,5.3,1
1,0,4,6.27,1
0,1,4,1.76,0
0,1,4,8.64,1
0,0,4,3.99,0
0,1,2,4.35,0
0,1,3,2.14,1
0,0,5,5.47,1
1,0,3,8.2,1
0,0,1,0.23,1
1,0,2,3.68,0
0,1,5,5.32,0
0,1,1,4.16,0
1,0,3,5.01,1
1,1,3,3.55,0
0,1,3,4.8,0
0,0,3,6.49,0
0,1,2,2.78,0
0,0,3,3.55,0
1,1,3,8.65,1
0,0,4,2.36,1
1,1,2,5.48,0
1,0,3,5.26,1
1,1,4,4.12,0
0,0,2,7.58,1
0,0,2,5.49,0
0,1,3,4.4,0
1,0,3,6.64,0
1,0,3,2.35,0
0,1,4,7.15,1
0,1,3,3.37,1
1,1,3,2.34,0
0,0,2,5.18,1
0,0,4,5.84,1
1,0,1,4.16,0
0,0,4,3.54,0
1,1,4,5.97,0
0,0,2,2.75,1
0,0,3,5.58,0
1,0,3,6.31,0
0,1,3,3.98,0
1,1,3,2.76,1
0,0,3,4.44,0
0,0,3,8.59,1
0,0,4,7.27,1
0,1,4,5.16,1
0,0,3,4.25,1
0,0,3,2.76,1
0,1,3,5.39,1
0,1,3,5.56,1
0,1,3,4.13,1
0,0,3,7.77,1
0,0,3,6.82,0
0,0,3,7.42,1
0,1,4,1.42,1
1,0,3,4.72,0
1,0,4,3.67,0
0,0,3,2.7,0
0,0,4,4.47,1
0,0,3,2.83,0
0,0,5,5.59,1
0,1,2,2.63,0
0,0,3,3.9,1
0,1,3,6.83,0
0,0,2,2.55,0
1,1,4,6.4,0
0,0,3,3.73,1
0,0,2,3.81,0
1,0,3,3.62,1
0,0,4,6.36,1
0,0,4,5.53,0
0,0,4,6.0,1
1,0,2,6.35,1
0,0,3,2.29,1
0,0,3,4.24,1
1,1,2,0.13,1
1,0,4,4.39,1
1,0,5,6.2,1
0,0,3,3.27,0
0,0,2,3.52,0
0,0,2,5.27,1
1,1,3,7.68,0
0,0,2,2.42,0
1,0,4,7.6,1
0,0,3,3.84,0
0,1,3,5.23,1
0,0,4,5.81,1
0,1,2,5.07,0
1,0,3,10.0,0
0,1,4,5.63,1
0,1,3,6.83,0
0,0,4,4.9,1
0,0,3,5.53,1
0,0,1,1.16,0
1,1,1,5.94,0
0,1,2,4.07,0
0,0,3,3.58,0
1,0,1,7.77,0
0,0,3,5.15,1
1,1,2,5.8,0
0,0,4,7.98,1
0,0,3,3.47,1
0,0,2,4.48,0
0,1,3,4.3,1
0,0,3,5.22,1
0,0,3,2.04,0
0,0,3,2.58,0
0,1,2,2.05,0
0,1,2,1.12,1
0,0,5,7.49,1
1,0,2,5.03,1
0,0,1,0.9,0
1,1,4,5.98,1
0,0,5,6.45,1
0,0,1,3.24,0
0,0,2,5.58,0
1,1,2,5.27,1
0,1,3,5.56,1
1,0,4,5.88,0
0,1,2,6.16,1
1,0,3,6.72,0
0,0,3,8.8,1
0,0,4,5.53,0
1,0,3,7.11,1
0,0,3,1.93,0
0,0,2,2.12,0
0,0,3,2.2,0
0,0,3,4.98,1
0,1,3,4.1,0
1,0,5,4.01,0
0,1,3,5.54,0
0,0,1,0.25,0
0,0,4,7.84,1
1,0,3,5.02,1
1,0,3,5.53,1
0,1,4,7.68,0
0,1,2,1.56,0
0,0,3,7.12,1
0,0,3,9.85,1
0,0,4,6.39,1
0,0,4,4.88,1
1,1,4,5.51,0
0,1,2,9.14,1
0,0,2,5.59,1
0,1,2,9.56,1
0,1,3,10.0,1
0,0,3,6.0,1
0,1,1,2.33,0
0,0,4,6.42,1
0,0,2,7.46,1
0,1,2,4.72,0
0,0,2,2.38,0
1,0,3,4.45,0
0,1,3,1.32,0
0,0,5,6.85,1
0,1,2,4.7,0
0,0,5,7.19,1
0,0,4,7.55,1
0,0,3,3.18,1
0,0,4,4.46,1
0,0,3,5.16,0
0,0,3,5.57,1
0,1,3,5.3,1
0,1,1,4.88,0
1,0,3,6.92,0
0,0,4,5.51,1
0,0,2,5.9,0
0,0,3,6.01,1
0,1,3,6.34,1
1,1,4,5.08,1
1,0,4,5.87,1
0,0,4,8.92,0
0,0,2,3.7,0
0,0,4,3.63,0
0,0,4,5.24,0
0,0,4,4.22,0
0,0,3,7.64,1
0,0,1,3.58,0
0,0,2,5.65,1
0,1,3,5.46,1
0,0,2,4.5,1
0,0,3,6.52,0
0,1,2,3.49,0
0,1,3,4.63,1
0,0,2,4.68,0
0,0,3,4.27,1
0,0,4,4.49,1
0,0,3,6.0,1
0,0,3,3.35,0
1,0,3,2.05,0
0,1,1,0.34,1
0,1,3,4.45,0
1,1,5,7.17,1
0,0,3,3.49,0
0,1,5,5.8,1
0,0,2,1.23,0
0,0,3,5.81,0
0,1,2,8.83,1
0,0,3,6.45,0
1,0,1,0.69,1
1,0,3,6.52,1
0,1,5,9.57,1
1,0,3,5.33,0
0,0,3,7.82,0
1,0,2,1.5,0
0,1,4,6.88,1
1,0,4,7.59,1
0,0,3,3.61,0
1,1,3,4.26,0
0,0,3,3.85,0
1,0,2,5.56,0
1,1,1,3.8,0
0,0,2,2.04,0
0,1,1,6.09,0
1,0,3,2.49,0
0,1,2,4.15,1
0,0,4,5.5,0
0,0,4,7.32,1
0,0,1,1.51,0
0,0,1,3.79,0
0,1,1,2.85,0
1,1,1,3.74,0
0,1,4,4.67,1
0,0,4,6.64,0
0,0,3,0.93,0
1,0,3,2.63,0
0,1,4,7.27,1
0,1,3,4.71,0
1,0,4,7.68,1
0,0,3,5.79,0
1,0,3,4.1,0
1,0,6,7.83,1
0,1,2,2.76,0
0,0,6,6.83,1
0,0,3,6.46,0
1,1,4,4.76,1
0,1,2,6.81,0
0,1,4,4.71,0
0,0,3,5.6,1
0,1,1,2.74,0
0,0,4,9.37,1
1,1,3,4.78,1
0,0,5,5.8,1
0,0,4,6.0,1
0,0,4,6.9,1
0,0,5,3.85,1
0,1,5,3.2,0
0,0,1,1.79,0
0,0,4,4.85,1
1,1,3,2.96,0
0,0,1,0.07,0
0,0,1,2.34,0
0,1,2,5.54,1
1,1,3,3.81,0
0,1,1,3.19,0
0,0,3,6.53,1
0,0,2,2.19,0
0,0,3,4.87,0
0,1,2,2.67,0
1,0,5,7.72,1
1,0,3,6.18,0
0,1,4,5.86,1
0,0,4,2.54,1
0,0,4,5.91,1
0,1,1,1.03,1
0,0,4,4.59,1
0,0,2,6.09,0
0,0,5,10.0,0
0,0,1,2.23,0
0,0,5,3.24,1
0,0,4,4.55,0
1,0,4,3.9,1
0,1,3,4.02,1
0,1,2,4.21,0
0,0,3,5.83,1
0,0,3,7.7,0
0,0,2,3.72,0
0,0,4,3.58,1
0,1,4,2.79,1
0,1,3,2.3,0
1,0,4,7.02,1
0,0,4,3.09,1
1,1,4,5.99,1
1,0,2,4.34,0
0,1,3,5.2,1
0,0,4,4.13,1
1,0,3,5.71,0
0,0,3,4.87,0
0,0,4,6.62,0
0,0,2,6.35,0
0,0,4,3.98,1
1,0,3,5.17,1
0,0,3,4.55,0
0,1,4,4.68,1
0,0,3,3.02,0
0,0,2,4.08,0
0,0,2,2.39,0
0,0,4,8.0,1
0,1,2,0.74,1
0,1,2,4.31,0
1,0,3,7.96,1
0,0,5,6.79,1
0,1,2,5.41,0
0,0,3,3.8,1
0,0,2,6.74,0
1,0,3,8.12,1
0,1,4,4.94,0
0,1,3,2.5,1
0,0,2,6.27,1
0,1,4,3.96,1
1,1,3,9.51,0
1,0,3,5.57,1
0,0,1,3.51,0
0,0,4,8.26,1
0,0,1,0.33,1
0,1,3,6.84,0
0,0,2,4.7,0
1,0,4,7.9,0
0,0,3,7.07,0
0,1,3,5.12,1
0,0,3,3.63,1
0,0,3,4.06,0
0,0,4,2.94,0
0,0,2,4.23,0
1,0,3,5.85,0
0,1,3,3.28,0
0,0,3,1.86,1
0,0,4,3.62,1
0,0,2,4.93,0
0,0,2,8.24,1
0,1,3,3.32,1
0,1,3,7.56,1
0,0,4,4.23,0
1,1,5,5.34,0
0,0,4,4.43,1
1,1,3,5.64,1
0,0,2,7.9,0
0,0,3,1.27,0
0,1,3,9.42,1
0,1,2,5.36,1
0,1,3,7.07,1
0,0,4,2.75,1
1,1,4,6.52,1
0,0,3,6.6,0
0,0,2,4.39,1
0,1,2,3.6,1
0,0,4,4.82,0
0,0,2,1.03,0
0,0,3,4.0,1
0,0,4,6.06,1
0,0,3,7.96,1
0,1,3,7.0,0
0,0,3,3.91,0
0,0,5,6.76,1
0,1,3,1.2,0
0,1,4,5.99,1
1,1,6,4.93,1
0,0,4,1.52,1
0,0,4,6.13,0
0,1,2,3.43,0
0,0,3,5.54,0
1,1,4,5.39,1
0,0,3,6.57,0
0,0,4,8.4,1
1,1,2,5.64,0
0,0,5,8.26,1
0,0,3,6.53,1
0,0,2,8.09,0
1,0,3,5.25,0
1,1,3,4.99,0
0,0,2,8.01,1
0,1,5,5.26,1
0,1,5,7.31,1
0,1,2,6.42,1
0,0,3,5.21,1
0,0,4,3.37,1
0,0,3,6.53,0
0,0,4,3.33,0
0,0,2,4.26,1
0,0,4,6.07,1
0,1,4,3.97,1
0,0,2,3.24,0
1,0,2,2.77,0
0,0,2,3.4,0
0,1,3,4.92,0
0,1,3,2.53,1
0,1,4,4.62,1
1,0,1,3.51,0
0,0,3,5.4,0
1,0,3,3.23,0
0,1,4,7.59,1
0,1,3,8.86,1
0,0,4,8.85,1
0,0,1,2.56,0
0,1,3,10.0,1
0,0,3,7.57,1
0,1,2,3.95,0
0,0,5,1.98,1
0,1,4,4.74,0
0,1,3,3.62,0
0,1,2,5.71,0
0,0,1,5.06,0
0,0,4,3.54,1
1,0,3,7.27,1
1,0,3,3.94,0
1,0,2,6.71,1
0,0,3,8.18,1
0,0,5,4.63,1
0,0,4,1.98,0
0,0,4,4.73,1
0,0,4,3.91,0
1,1,3,5.33,1
0,1,4,1.68,0
0,1,3,3.15,1
0,0,2,7.12,1
0,0,2,1.89,1
1,0,3,2.68,1
1,0,3,5.58,1
0,1,2,6.54,0
0,1,3,5.65,0
0,1,2,3.79,1
0,1,2,7.03,0
0,0,2,3.84,0
0,0,5,1.52,0
0,0,2,7.64,0
0,0,4,7.06,1
0,0,5,6.92,1
0,1,4,10.0,1
0,1,2,5.22,0
0,0,2,7.47,1
0,1,4,6.7,1
0,1,3,6.04,0
0,1,3,4.97,1
1,0,4,5.53,1
0,1,1,3.1,1
0,0,3,3.17,1
0,0,4,5.94,1
0,1,3,5.37,0
0,1,3,2.49,1
0,0,3,4.93,0
1,0,3,7.8,0
1,0,3,5.79,1
1,0,2,3.3,0
1,0,5,8.27,0
0,1,3,3.46,0
0,0,2,3.79,0
0,1,2,0.89,0
1,0,4,3.63,0
0,1,3,4.13,0
0,1,1,3.27,0
1,0,2,3.41,0
1,0,2,1.04,0
0,0,2,6.22,0
1,0,3,2.44,1
0,0,3,3.88,0
0,1,3,5.48,1
1,1,3,5.75,0
0,0,3,6.87,1
0,1,2,1.86,0
0,0,2,5.49,1
0,1,1,2.41,0
0,0,2,8.24,1
0,1,5,6.91,1
1,0,4,4.2,0
0,0,4,4.91,0
0,1,2,3.94,0
0,0,1,4.69,1
0,0,3,3.92,1
0,1,2,4.52,0
1,0,2,3.23,1
0,0,4,4.88,1
0,1,2,6.98,1
0,1,4,3.8,0
0,1,3,4.22,0
1,0,3,6.23,1
0,1,3,3.71,1
1,1,2,4.54,0
1,0,4,1.97,1
0,0,2,6.4,0
0,0,3,2.29,1
0,0,2,5.52,1
0,0,4,10.0,0
0,0,3,6.58,1
0,0,3,10.0,1
0,0,2,3.51,0
0,0,3,4.47,0
0,1,4,7.32,1
0,0,3,3.82,0
1,1,4,5.2,0
0,1,2,2.16,0
0,0,3,4.27,0
0,0,5,5.95,1
0,0,3,4.77,0
0,1,3,5.3,0
0,1,2,2.23,0
0,0,4,5.25,1
0,0,3,2.78,0
1,1,2,2.96,0
0,0,4,3.97,1
0,0,5,6.83,1
0,1,2,3.17,0
0,1,3,4.86,1
0,0,4,5.31,0
0,0,2,4.08,0
0,1,3,1.75,0
1,1,4,7.04,1
0,1,1,3.11,0
0,0,2,10.0,1
0,0,2,6.19,1
0,0,4,5.8,1
0,0,3,4.8,1
1,1,1,7.51,1
0,1,3,3.08,0
0,0,2,0.75,1
0,0,2,4.79,0
1,1,5,5.51,0
0,0,4,7.96,1
0,0,3,3.66,1
0,0,2,4.18,0
0,1,2,6.29,1
0,1,4,3.32,0
0,1,4,6.25,1
0,1,3,6.5,1
0,0,2,5.38,0
1,0,5,8.18,1
0,0,3,6.31,0
1,0,3,7.52,0
0,1,3,3.83,0
0,0,4,4.33,1
0,1,2,8.67,1
0,0,4,6.24,1
0,0,3,2.19,1
0,0,4,7.18,0
1,0,1,6.49,0
0,0,2,0.62,1
0,0,2,3.75,0
0,0,4,6.26,1
0,0,5,6.29,1
0,0,2,4.54,1
0,0,4,6.51,0
0,1,3,9.07,1
0,0,4,4.85,0
0,1,3,6.64,1
1,0,1,6.75,0
0,0,2,1.64,0
1,0,4,4.06,1
0,1,3,6.9,1
0,0,3,7.8,1
0,0,1,4.37,0
0,1,2,3.0,0
0,0,3,4.94,0
0,0,3,2.69,0
0,0,5,5.75,0
0,0,2,5.83,0
1,1,4,9.9,1
0,0,4,1.91,0
1,0,2,3.92,1
0,0,2,0.84,0
0,0,3,2.6,1
0,0,1,6.61,1
1,0,3,4.58,1
1,0,5,9.0,1
0,0,4,3.99,0
0,1,2,4.88,1
0,1,3,4.2,0
0,0,3,4.24,1
0,0,2,4.23,1
0,1,3,3.21,0
0,0,3,2.2,0
0,1,3,5.6,1
0,1,3,5.93,1
0,1,2,4.39,0
0,0,4,7.52,1
0,0,3,8.29,1
0,0,3,0.78,0
0,0,2,4.66,0
0,1,5,3.19,1
1,0,4,9.32,1
1,0,5,5.07,1
0,0,5,7.09,0
0,1,3,4.25,1
0,1,5,8.9,1
0,0,3,6.54,1
1,1,3,8.78,1
0,1,2,2.76,0
0,0,3,7.64,1
0,0,3,7.41,1
0,0,3,4.89,1
1,0,3,5.09,1
1,1,4,6.1,1
0,0,4,7.68,0
0,0,2,5.07,1
1,0,3,8.12,1
1,0,2,5.19,1
0,0,4,5.46,1
0,0,4,4.02,1
0,1,3,4.47,1
0,0,3,5.2,1
0,1,4,5.8,1
0,0,3,2.2,1
1,0,1,2.88,0
1,1,3,6.53,1
1,1,1,3.63,1
0,0,4,7.87,0
0,0,3,5.14,1
0,1,2,5.42,0
0,0,3,4.19,1
0,1,1,0.6,1
1,0,2,1.58,0
0,0,3,3.72,1
0,1,2,6.2,1
0,0,4,8.41,1
1,1,4,4.02,0
0,0,3,6.41,1
1,1,2,2.74,0
0,0,3,1.6,0
0,1,4,1.83,0
1,0,3,7.32,0
0,0,2,4.44,0
1,0,4,4.22,0
0,0,2,7.89,1
0,0,3,7.71,1
1,1,3,3.21,1
0,0,4,5.3,1
0,0,3,5.15,1
0,0,2,4.82,0
0,0,3,2.85,0
0,1,2,6.96,1
0,0,3,3.6,0
1,0,3,6.06,1
1,1,2,4.62,0
0,1,2,5.62,0
1,0,2,1.08,0
0,1,1,0.09,1
0,0,1,1.4,0
0,0,2,6.09,1
0,0,1,2.68,0
1,0,4,7.42,1
0,1,3,7.36,1
0,0,3,4.97,1
0,0,4,6.38,0
0,1,4,5.76,0
1,1,2,4.37,0
0,0,2,4.21,1
0,0,2,4.49,0
0,0,3,4.3,1
1,1,2,4.23,0
0,1,4,6.36,1
1,0,1,3.95,1
0,1,3,4.86,0
0,1,2,4.78,0
0,0,4,2.87,0
0,0,3,2.08,0
0,1,3,5.87,1
0,0,3,4.03,0
0,1,3,6.32,1
0,0,3,5.56,1
0,0,2,5.89,0
0,0,4,4.19,1
0,1,4,4.76,1
0,0,3,4.32,1
0,1,1,2.68,1
0,0,4,5.3,1
0,1,4,8.62,1
0,0,2,3.84,0
0,1,2,4.46,1
1,0,2,2.86,1
0,0,5,7.28,1
0,1,4,6.4,0
1,0,3,0.49,0
0,1,2,7.12,1
1,0,5,10.0,1
1,0,2,3.27,0
0,0,5,5.43,1
0,0,3,4.97,0
0,0,5,3.06,1
0,1,2,5.82,0
0,1,2,2.3,0
0,1,4,8.79,1
0,0,4,7.33,1
1,0,3,2.26,0
0,0,3,6.13,0
0,0,1,2.5,1
0,1,3,8.16,1
0,0,4,8.64,0
0,0,3,5.27,0
1,0,3,3.24,1
0,1,3,3.99,0
1,1,3,4.5,0
0,0,3,2.67,0
0,0,4,3.17,0
0,1,2,5.13,0
0,1,2,0.52,0
0,0,3,2.74,0
1,0,2,0.74,0
0,0,3,5.77,1
1,0,4,8.02,1
0,1,4,4.07,1
0,0,5,4.97,1
0,0,3,5.56,0
0,1,2,0.16,0
0,0,3,4.5,0
0,0,3,4.41,1
0,0,2,4.36,0
1,1,2,4.38,1
0,1,3,6.17,0
0,0,2,5.38,0
0,0,4,4.94,1
0,0,3,7.45,1
0,1,2,5.58,0
0,1,4,5.43,1
1,1,4,6.13,1
0,1,2,3.68,0
0,0,3,3.76,0
0,1,4,5.62,0
1,0,1,5.22,0
1,1,3,4.81,0
0,1,3,4.15,0
1,0,3,3.79,1
0,1,4,10.0,1
0,1,4,6.59,1
0,0,3,5.99,1
0,0,5,5.14,1
0,0,3,4.79,0
0,1,2,3.68,1
1,0,4,1.39,0
0,0,3,7.05,1
1,0,1,1.66,0
1,0,3,3.01,0
0,0,3,7.55,1
0,1,5,7.36,1
1,0,2,4.72,0
0,0,3,3.33,0
0,0,1,3.0,0
1,0,3,4.0,1
0,0,2,2.83,0
0,1,5,4.62,1
0,0,1,4.97,1
0,1,3,7.39,1
0,1,3,7.94,1
0,1,2,4.71,1
0,0,3,5.07,0
0,0,2,1.73,0
0,0,2,5.17,1
1,1,1,6.27,0
1,1,3,6.26,1
1,0,3,1.93,0
0,0,4,6.95,1
0,0,6,3.43,1
0,1,3,5.69,0
1,0,3,7.06,0
0,0,4,5.98,1
0,0,3,4.48,1
0,1,2,3.67,1
0,1,2,5.79,1
0,1,4,2.59,0
0,1,3,3.29,0
0,1,4,5.16,1
0,0,1,1.06,0
0,0,2,5.32,1
0,1,3,6.17,0
0,0,3,6.34,0
0,0,3,6.14,1
0,0,4,4.96,1
1,1,4,3.45,0
0,0,3,5.42,0
0,1,2,4.89,0
0,0,2,0.82,0
0,0,2,6.33,0
0,0,4,7.48,1
0,1,5,5.53,1
0,0,2,3.46,0
0,0,3,4.51,0
0,1,3,4.79,0
0,1,3,4.01,0
0,1,3,8.5,1
0,0,4,5.47,0
0,0,5,7.77,1
0,1,3,3.02,0
0,0,4,5.55,1
0,0,1,2.96,0
0,0,2,6.35,1
0,0,4,7.61,0
1,0,3,6.35,0
1,1,4,6.57,0
0,0,3,5.29,1
0,0,4,5.43,1
0,0,2,4.43,1
1,1,3,7.05,1
0,1,4,7.96,1
0,0,5,5.79,1
0,0,4,5.84,0
1,0,3,5.59,0
1,1,3,6.71,1
0,1,2,3.68,1
0,0,3,4.19,1
1,1,3,1.43,1
0,0,3,6.46,1
0,0,3,3.66,1
0,0,3,3.64,0
1,0,3,3.87,1
0,0,3,7.33,1
0,1,4,5.89,1
0,0,4,7.1,1
0,1,3,3.41,0
0,1,2,3.83,0
0,0,2,5.83,0
0,0,3,6.28,0
0,1,2,6.96,1
1,0,2,4.45,0
0,1,5,7.31,1
0,0,3,5.09,1
0,1,4,2.74,0
0,1,2,6.15,0
0,0,3,6.23,1
0,0,3,2.9,0
0,1,5,5.6,0
0,0,2,5.91,1
0,0,2,3.31,0
1,0,3,3.33,0
0,1,3,0.75,0
1,0,4,5.91,1
1,0,4,3.28,0
0,1,1,5.95,0
0,0,2,5.91,1
1,0,3,5.74,1
0,0,2,3.65,0
1,0,4,5.96,1
0,0,2,2.91,0
1,1,2,1.69,0
0,1,3,7.63,1
0,1,1,3.49,0
0,0,4,6.58,1
0,1,3,1.96,1
0,0,1,5.45,0
0,1,3,3.45,1
0,1,3,4.6,1
0,1,4,2.83,0
0,0,3,6.46,1
0,0,3,7.69,1
0,0,2,3.48,1
0,1,2,6.96,0
0,0,5,7.02,1
0,0,3,4.23,1
0,1,4,3.92,1
0,1,1,3.77,0
0,1,2,8.64,1
0,0,5,3.04,1
0,0,2,3.41,0
0,0,4,3.02,1
0,0,3,3.62,1
0,1,2,3.39,0
1,0,4,5.4,1
0,0,2,5.41,0
1,0,3,7.28,0
0,0,4,6.64,1
0,0,3,0.83,0
0,0,3,6.28,0
0,0,2,5.13,0
0,0,2,1.46,0
0,0,2,1.29,1
1,1,5,7.01,1
0,0,1,6.11,0
0,0,3,8.92,1
1,1,2,6.99,0
0,1,3,6.71,0
0,0,4,5.81,1
0,0,4,5.51,1
0,0,2,6.04,0
1,0,3,4.98,1
0,0,2,3.45,1
0,0,1,2.01,1
0,0,3,5.37,0
0,1,3,3.6,1
0,0,4,4.44,0
0,1,3,5.01,1
0,0,3,5.65,1
0,0,1,6.25,0
0,0,3,5.04,1
0,1,3,5.38,0
1,0,3,3.56,1
0,0,5,4.82,1
0,0,5,5.2,1
0,0,4,4.95,1
0,0,4,8.29,1
1,1,4,6.9,0
0,0,4,7.73,0
0,1,3,4.79,0
1,0,3,8.35,1
0,0,4,9.03,1
0,0,2,4.85,1
0,0,4,6.82,1
0,0,2,5.96,0
0,1,4,4.33,0
0,0,3,3.6,0
1,0,4,4.1,0
0,1,3,7.55,1
0,1,2,4.94,0
0,1,4,5.76,1
0,1,4,7.21,0
0,1,2,4.92,0
0,0,3,4.41,1
0,0,2,4.96,1
1,1,4,4.73,1
0,0,3,2.17,1
1,0,3,6.02,1
0,1,2,3.61,1
0,1,4,10.0,1
0,0,4,6.75,1
0,0,2,0.57,0
0,1,2,2.5,0
0,0,3,6.93,1
0,0,1,2.76,0
0,0,4,6.48,1
0,1,3,2.42,0
1,0,5,7.16,1
0,1,2,0.24,0
0,1,4,5.26,1
0,0,1,4.75,0
0,0,3,2.42,0
1,1,3,5.08,0
1,0,5,6.29,1
0,1,3,5.68,1
1,0,4,6.44,1
0,0,3,3.75,1
0,1,4,7.45,1
0,0,3,5.51,1
0,0,3,4.26,0
0,0,6,5.98,1
1,0,3,5.82,0
0,0,2,0.4,0
0,0,4,5.26,1
0,1,3,5.98,1
0,0,2,5.11,1
0,0,2,6.45,0
0,0,2,2.58,0
1,1,3,3.84,0
0,0,1,3.03,0
0,0,1,5.02,0
0,0,3,1.82,1
0,1,3,2.65,0
0,0,6,8.33,1
1,1,2,4.95,1
0,1,4,5.98,0
0,0,4,4.99,0
0,0,5,8.32,1
0,1,5,4.64,1
0,1,3,3.39,1
0,0,3,6.2,1
0,1,2,5.38,1
0,1,5,7.99,1
1,0,3,5.54,0
1,1,3,5.1,1
1,0,1,4.14,0
0,0,4,7.32,1
0,1,3,6.76,1
0,0,3,4.1,1
0,0,2,6.71,1
0,0,3,6.18,0
0,0,4,6.25,0
0,1,2,6.63,1
0,0,3,5.26,0
0,0,4,3.18,0
1,0,3,2.44,0
0,0,2,3.85,1
0,1,4,6.94,1
0,1,5,4.57,1
0,0,3,6.97,1
0,0,3,7.0,1
0,1,3,7.3,1
1,1,4,5.79,0
1,0,3,4.93,0
0,1,3,7.31,1
1,1,3,1.1,0
0,1,2,2.92,0
0,1,3,6.59,0
0,0,5,6.3,1
1,1,3,2.16,0
0,1,4,7.03,1
1,1,4,3.38,0
0,0,3,6.48,1
0,1,4,8.03,1
0,1,3,6.3,0
0,0,2,5.33,0
1,1,3,4.4,0
0,0,1,5.27,0
0,0,3,6.13,1
0,1,4,4.23,0
0,1,2,3.32,1
0,1,2,6.09,0
0,0,5,3.89,0
1,0,2,4.54,0
0,0,2,1.91,1
0,0,3,6.16,0
0,0,5,6.68,1
0,0,4,7.36,1
1,1,1,4.07,0
0,0,3,2.51,0
1,1,3,5.79,1
0,1,3,7.55,0
1,1,3,3.1,0
1,0,2,3.31,0
1,0,3,7.95,0
0,0,2,0.75,1
1,0,4,2.78,0
1,0,4,4.5,0
1,0,2,7.78,1
1,1,3,6.23,1
1,1,3,8.84,1
0,0,1,4.89,0
1,0,3,7.55,1
1,1,3,4.21,1
0,1,4,4.49,0
0,0,3,4.79,1
1,0,3,7.41,1
1,0,3,9.26,1
0,0,3,5.01,1
1,1,2,2.55,0
0,1,4,3.02,1
1,0,3,4.94,0
1,0,3,6.24,1
0,0,1,4.28,0
0,1,2,5.11,1
0,0,2,2.65,0
1,0,4,5.27,1
0,0,3,8.11,1
0,0,4,4.65,0
1,0,1,2.65,0
0,0,4,7.76,1
1,0,2,2.02,0
0,0,3,1.04,0
1,1,4,4.93,1
1,0,4,7.47,1
0,1,1,3.65,1
0,0,4,5.44,0
0,1,4,5.25,1
0,1,4,7.14,1
0,0,4,6.89,1
1,1,3,5.0,1
0,0,3,4.25,1
1,0,3,2.71,0
0,1,3,4.13,0
0,1,4,5.23,0
1,0,3,3.06,1
0,0,2,1.35,0
0,0,3,5.93,1
0,0,2,3.43,1
1,0,2,5.31,1
1,1,2,3.94,0
0,0,4,2.35,0
0,1,2,7.19,0
0,0,4,3.72,0
0,0,2,6.65,0
0,0,5,5.28,1
0,0,3,4.67,0
1,1,2,5.64,1
0,0,4,7.66,1
1,1,2,7.27,1
0,1,2,3.41,0
1,1,3,8.01,0
0,0,2,3.58,0
0,0,5,6.72,1
0,1,1,1.2,0
1,1,5,9.06,1
0,1,3,2.93,1
0,1,4,7.21,1
1,1,5,9.21,1
0,0,2,7.26,1
0,1,2,6.08,1
1,0,4,4.37,0
0,0,2,5.63,1
0,0,2,4.84,0
0,0,1,0.6,0
0,0,2,3.66,0
1,1,2,7.52,1
0,0,4,7.21,0
1,1,5,7.8,1
1,0,2,3.44,0
1,0,3,8.19,1
1,1,4,8.21,0
1,0,3,2.59,1
1,1,3,5.62,0
0,0,3,3.98,0
0,0,5,10.0,1
0,0,3,2.61,0
0,0,3,4.53,0
0,0,2,3.23,0
1,1,4,3.27,1
0,0,2,0.67,0
0,0,2,3.26,0
0,0,2,3.75,0
0,0,3,4.87,1
1,0,2,2.72,1
0,1,4,5.09,1
0,1,3,6.81,1
0,1,3,3.5,1
0,1,4,8.75,1
0,0,2,3.92,0
0,0,3,4.49,0
0,1,4,6.86,1
0,1,3,8.16,1
0,0,5,3.77,1
0,0,4,5.33,1
0,1,2,1.37,0
0,1,3,5.46,1
0,0,3,3.33,0
1,0,3,3.23,1
0,0,3,4.91,1
0,1,1,2.05,0
0,0,1,2.49,1
0,1,3,9.24,1
0,0,3,2.15,1
0,0,3,4.03,1
1,0,3,4.99,0
0,1,4,4.69,1
0,0,2,3.77,0
1,0,4,3.88,0
0,0,2,3.75,1
0,0,3,5.53,1
0,1,3,6.4,1
1,0,4,4.22,0
1,0,3,5.73,0
0,0,4,4.67,1
1,0,4,6.76,0
0,0,2,6.29,0
1,1,3,3.56,0
1,1,3,5.12,1
0,0,2,3.85,0
0,1,3,4.5,0
0,0,2,3.6,0
0,1,2,4.8,0
0,0,2,2.84,0
0,1,3,5.25,0
0,0,3,7.72,0
0,0,3,5.3,1
0,1,2,4.04,1
1,0,4,5.81,1
0,0,5,10.0,1
1,0,3,3.27,1
1,1,4,6.82,1
1,1,4,4.39,1
0,0,4,6.74,1
0,1,3,10.0,1
0,1,3,5.24,1
0,1,3,4.31,1
0,0,1,3.88,0
0,0,3,4.94,1
0,1,2,1.9,0
0,1,3,8.87,1
1,0,3,3.11,0
0,0,2,3.25,0
0,0,2,5.88,0
1,0,2,3.05,0
0,1,3,5.06,1
1,0,3,4.96,0
0,0,3,2.79,1
0,0,4,8.58,1
1,1,3,5.34,0
0,1,2,4.46,0
0,0,2,8.69,0
1,0,4,6.62,1
0,1,1,3.79,0
1,1,3,3.72,0
0,0,4,9.34,1
0,0,4,6.25,1
0,0,1,3.96,0
0,0,3,5.58,1
0,1,3,3.56,0
0,0,2,3.51,1
0,1,3,5.61,0
0,0,3,3.14,0
0,1,2,2.23,0
1,1,5,4.6,0
1,0,1,5.87,1
1,0,3,2.79,0
0,0,2,6.12,1
0,0,3,9.01,1
1,0,2,2.67,0
0,0,1,4.17,0
1,0,2,5.17,0
1,1,2,2.24,0
0,1,3,1.48,0
0,0,2,4.68,1
0,0,4,4.08,1
0,0,4,0.11,0
0,1,4,4.2,1
0,0,1,4.36,0
0,0,3,4.44,1
1,1,2,5.62,0
0,0,2,7.36,0
0,0,6,4.12,1
1,0,3,6.96,1
0,0,4,5.09,0
0,0,4,5.09,0
0,1,4,7.9,0
0,1,3,9.02,0
0,0,2,3.21,0
1,1,3,4.18,1
1,1,5,8.65,1
0,0,2,6.1,0
0,0,2,5.03,1
0,1,4,3.04,0
1,1,3,5.89,1
0,0,4,7.04,0
0,0,4,7.43,1
0,0,3,7.91,1
0,0,4,6.64,1
1,0,2,0.63,0
0,1,4,5.33,0
0,0,1,6.25,1
1,0,3,5.99,1
0,0,3,6.31,1
0,0,3,6.43,0
1,1,3,3.7,0
0,0,5,6.3,0
0,0,2,6.08,0
0,0,4,2.79,1
1,1,2,7.51,1
0,0,2,4.93,1
0,0,4,4.56,0
1,1,3,3.36,1
1,1,2,3.85,0
0,1,3,6.91,1
1,0,3,6.41,1
1,1,2,4.75,1
0,0,3,6.5,1
0,0,4,10.0,1
0,1,2,3.8,0
0,0,3,6.44,0
0,0,3,3.66,1
0,1,4,7.23,1
0,0,1,5.54,0
0,1,4,6.3,1
1,1,3,4.15,1
0,0,4,5.05,1
0,1,3,6.66,0
0,1,4,6.69,1
0,1,3,5.0,1
0,0,3,4.86,0
0,1,5,7.38,1
0,0,2,1.31,0
1,0,3,3.41,0
0,0,5,6.62,1
0,0,3,4.09,1
1,1,1,3.9,0
0,1,2,6.21,1
0,0,3,4.45,0
1,0,2,4.01,0
0,1,4,5.05,0
0,0,2,3.14,0
0,0,5,6.7,0
1,0,2,4.15,1
0,1,3,2.05,0
1,0,3,4.29,1
0,1,4,7.04,1
0,0,2,3.74,0
1,1,2,4.18,0
0,1,4,1.48,0
0,0,3,7.61,0
1,0,4,5.21,0
1,0,2,4.45,0
1,0,3,4.21,0
0,1,3,3.22,0
1,0,4,5.82,1
1,0,5,5.85,1
0,1,4,6.56,0
1,0,3,6.17,1
0,0,3,3.88,0
0,1,4,3.74,0
1,1,2,2.65,0
1,0,4,4.14,1
0,0,2,3.12,0
1,0,4,6.18,1
0,1,3,3.68,1
0,0,2,3.42,0
1,0,2,5.51,1
0,0,3,4.03,0
1,1,3,6.96,1
0,1,4,4.26,1
0,0,5,6.38,1
0,1,2,3.61,1
0,0,4,5.28,1
1,1,2,3.58,0
0,0,1,2.87,0
0,0,3,5.44,1
0,0,5,6.66,0
1,0,2,3.17,1
1,0,1,2.55,0
1,0,4,5.41,1
0,0,3,5.42,1
0,0,3,4.17,0
0,1,2,5.83,0
0,0,4,5.86,1
0,1,4,3.68,1
0,0,4,8.42,0
0,1,3,6.75,1
0,0,3,4.6,1
0,0,3,7.84,1
0,0,3,3.72,0
0,0,3,8.3,0
0,1,2,2.28,0
1,1,4,9.12,0
1,0,1,5.15,0
1,0,2,3.8,0
1,0,3,4.01,0
0,0,3,3.9,0
1,0,2,4.51,0
0,0,3,7.77,1
0,0,3,2.31,0
0,0,3,8.6,1
0,0,4,8.48,1
0,0,4,1.8,1
0,1,2,3.39,0
0,1,3,5.86,1
0,0,4,6.61,1
1,1,3,7.38,0
1,1,4,4.03,0
0,0,2,5.44,1
0,0,4,4.48,0
1,0,3,5.85,1
0,1,3,5.85,0
0,0,5,7.78,1
0,0,3,4.68,1
0,0,2,1.6,0
0,0,5,4.74,1
1,0,3,5.52,0
0,0,3,3.63,0
0,0,4,4.97,1
0,0,3,5.31,0
0,0,3,4.6,1
0,0,4,6.04,0
0,0,3,4.29,1
0,0,2,4.69,0
0,0,2,7.98,0
0,1,5,4.27,1
0,0,4,6.25,1
0,1,2,3.14,0
0,0,3,4.24,1
0,0,3,3.45,1
0,0,3,4.28,0
0,0,4,5.93,0
0,0,5,8.11,1
0,0,3,6.69,1
0,1,3,5.61,0
0,0,3,6.05,0
0,0,2,2.93,0
0,0,4,5.1,1
0,0,3,4.91,1
0,0,4,5.23,1
0,0,3,8.67,0
1,1,4,6.03,1
0,1,4,5.09,1
0,0,2,2.62,0
0,1,2,5.36,0
0,0,3,5.41,1
0,0,2,4.84,0
0,0,2,3.88,0
0,0,3,6.94,0
0,0,5,4.06,0
0,0,3,1.28,0
0,0,3,4.97,0
0,0,2,5.54,1
0,0,3,6.05,0
1,0,3,7.1,0
0,0,4,4.35,1
0,0,3,4.83,1
0,0,5,3.16,1
0,0,5,4.49,1
0,0,3,6.11,0
0,1,3,2.16,0
0,1,3,7.54,1
1,0,3,8.66,1
0,1,5,6.77,1
0,0,3,6.87,0
1,0,6,7.2,1
0,1,3,3.95,0
0,0,4,5.29,1
0,0,4,7.47,1
0,0,1,6.44,1
0,0,3,1.98,0
0,0,3,1.83,1
0,0,4,5.49,1
0,0,3,7.54,1
1,0,4,2.82,1
0,1,3,3.36,0
0,0,4,2.75,0
0,1,4,7.81,1
0,0,2,7.56,0
0,0,3,6.64,1
1,1,2,4.14,0
1,1,2,6.37,0
0,1,4,5.31,1
1,0,3,5.82,1
1,1,4,6.11,1
0,1,3,5.45,1
0,0,3,4.79,0
0,1,2,6.8,1
0,1,3,9.62,1
0,1,4,5.13,1
0,0,2,5.67,1
0,1,4,5.85,0
1,1,3,4.14,0
0,1,4,4.03,1
1,1,4,6.26,1
0,1,1,8.47,1
0,1,3,3.57,0
1,0,1,5.06,0
1,0,1,5.3,0
1,0,4,4.32,0
1,1,4,4.93,1
0,0,4,4.79,1
1,0,1,1.27,1
0,1,4,7.33,1
1,0,2,4.85,0
0,0,4,4.54,0
0,1,5,4.32,1
0,1,3,4.07,1
1,0,4,3.87,0
1,1,3,7.02,1
1,1,3,3.15,1
1,0,3,7.47,1
0,0,4,3.76,0
0,1,3,8.96,1
0,0,3,6.58,0
1,0,3,4.67,0
0,0,5,6.94,1
1,1,2,5.13,1
0,0,3,7.37,1
0,0,3,5.71,0
0,1,3,3.57,0
1,0,3,5.2,1
0,0,3,3.83,1
0,0,3,7.87,1
0,1,4,5.77,0
1,0,3,5.02,0
0,1,4,3.81,1
0,1,2,3.61,0
1,1,3,6.48,1
0,0,4,1.75,0
0,0,1,2.08,0
0,0,2,6.35,0
0,0,2,4.36,0
0,1,3,9.61,1
0,0,4,7.85,0
0,1,3,5.82,1
1,0,4,2.91,1
0,0,3,6.89,0
0,1,4,2.87,1
0,0,2,4.04,0
0,0,4,3.78,1
1,0,3,1.55,0
1,1,1,0.68,0
0,0,3,4.86,0
0,0,2,3.43,0
1,0,1,2.98,0
1,1,3,7.75,1
0,0,4,6.91,1
1,0,2,5.21,0
0,0,3,2.66,0
0,0,2,3.37,0
1,1,2,1.73,1
0,0,1,4.22,0
0,0,2,7.41,0
0,0,4,5.14,0
0,0,2,5.39,0
1,0,3,4.51,0
0,1,5,6.64,1
0,0,3,5.95,0
0,1,1,3.99,0
0,0,2,3.12,1
0,0,3,6.93,0
1,0,4,3.4,1
1,0,3,5.26,1
0,0,2,4.19,0
1,0,3,6.01,1
0,0,2,6.46,0
0,0,3,3.67,0
0,0,4,3.12,0
0,0,2,6.5,0
0,1,3,4.61,0
1,0,3,5.08,0
0,0,3,9.08,1
1,0,2,4.56,1
0,0,4,6.33,1
0,1,3,3.99,0
1,1,1,3.49,0
0,1,5,5.06,1
0,0,4,6.55,1
0,0,3,2.21,0
0,0,3,6.1,1
0,0,4,5.22,1
1,0,2,5.4,0
0,1,4,6.13,1
0,1,3,4.84,0
1,0,3,3.06,1
1,1,3,4.99,0
0,0,3,7.48,0
0,0,2,6.04,0
0,0,4,8.91,1
0,0,4,6.4,1
0,1,2,4.3,0
0,0,3,1.06,0
1,0,2,5.49,0
1,1,3,3.98,1
0,0,3,2.07,0
0,0,2,4.24,1
1,0,3,3.23,0
0,0,5,4.31,1
0,0,5,5.5,1
0,0,4,5.5,1
0,0,2,3.12,0
0,1,4,6.21,1
1,1,4,5.96,1
0,0,2,6.32,1
0,0,2,3.49,0
0,1,3,5.24,1
0,1,3,3.76,1
0,1,1,1.77,0
0,0,2,2.87,1
1,0,1,2.58,1
1,0,2,2.91,0
1,0,2,8.37,1
0,0,4,5.23,1
0,0,1,3.66,0
1,0,4,7.79,1
0,0,2,1.19,0
0,1,3,4.05,0
0,0,4,7.4,1
0,1,3,5.46,1
0,1,3,7.88,1
0,0,5,7.33,1
0,0,1,0.16,0
0,1,4,3.69,0
0,0,2,5.11,0
0,0,4,5.6,0
0,0,4,7.4,1
1,1,3,3.97,0
0,0,2,6.38,0
0,0,3,5.39,0
0,0,4,9.22,1
0,0,4,7.41,1
0,0,2,5.87,1
0,0,4,8.7,1
1,0,3,5.96,0
0,1,4,4.93,1
0,1,4,4.69,0
0,0,4,8.02,1
0,0,2,5.21,0
0,1,2,3.42,0
1,0,4,7.98,1
0,1,4,5.58,1
0,0,3,3.94,1
0,0,3,1.11,0
0,0,1,0.45,0
1,1,3,6.75,0
0,1,3,4.09,0
1,1,2,2.57,0
0,0,4,6.97,1
0,0,3,8.6,1
0,0,3,3.76,0
0,1,4,6.14,1
1,1,1,0.03,1
0,0,4,7.01,1
1,1,3,6.14,1
1,0,2,1.85,0
1,0,2,3.99,1
0,1,5,4.44,1
0,0,4,4.16,1
0,0,1,3.72,0
0,0,4,5.65,0
0,1,4,5.17,1
0,0,3,5.93,0
0,1,3,2.73,0
1,1,2,4.79,1
0,0,2,0.93,0
0,0,3,2.0,1
1,0,3,6.48,1
0,1,3,4.67,1
1,0,5,9.8,1
0,0,4,5.88,1
0,1,3,7.44,0
0,0,4,4.16,1
0,0,2,6.02,1
1,1,2,3.35,0
0,0,3,2.21,1
0,0,3,4.71,1
0,0,4,3.98,1
0,1,2,5.06,1
1,1,2,2.58,0
0,0,2,5.41,0
0,0,3,3.96,0
0,0,3,6.45,0
1,1,2,5.82,0
0,0,2,6.77,0
0,0,4,4.57,1
0,0,2,2.9,1
0,0,2,4.48,1
0,0,5,7.27,1
0,0,5,9.08,1
0,0,2,5.23,0
0,1,2,3.51,0
0,0,2,1.56,0
0,0,3,7.29,0
1,1,2,5.08,0
0,0,6,9.63,1
1,0,2,4.09,0
0,0,2,5.77,0
0,0,2,5.37,0
1,0,4,4.18,1
0,0,3,5.96,1
1,0,3,5.15,0
0,0,3,0.62,0
0,1,2,3.85,0
1,0,3,1.09,0
1,0,2,1.35,1
0,1,2,3.0,0
0,0,3,5.25,1
0,0,4,4.79,1
0,1,3,5.15,0
0,0,3,7.4,0
0,0,4,5.28,1
1,0,4,3.61,1
0,1,3,6.14,1
0,1,4,7.82,1
0,1,3,3.72,0
0,0,1,1.3,1
0,1,4,2.57,0
0,1,4,2.77,1
0,0,4,6.9,1
0,0,3,6.17,0
0,0,2,1.91,1
0,1,1,4.8,1
0,1,5,5.85,1
0,0,5,7.65,1
0,1,3,4.09,0
0,1,3,8.99,1
0,1,3,7.06,1
0,0,4,6.52,1
0,0,2,6.12,1
0,1,1,4.53,0
0,0,4,6.3,0
0,0,3,5.26,1
0,0,3,3.44,0
0,0,3,8.25,1
0,0,2,3.23,0
1,1,3,3.93,0
0,1,4,10.0,1
1,1,1,5.95,0
0,0,3,2.59,1
0,1,4,7.96,1
0,0,3,5.26,1
0,1,3,7.83,0
0,0,2,5.25,1
0,1,3,8.45,1
0,0,2,3.44,0
0,0,4,8.52,0
0,1,5,4.1,1
1,0,5,5.54,1
1,1,3,4.85,1
0,0,4,6.11,0
0,1,2,5.86,0
1,1,5,3.64,1
1,1,3,6.77,1
0,0,3,5.7,1
0,0,4,4.75,1
0,0,3,4.77,1
1,1,3,1.67,1
0,1,4,6.52,1
0,0,4,1.3,1
0,0,3,3.32,0
0,1,3,3.06,1
1,0,3,5.17,1
0,1,3,2.04,0
0,1,4,5.95,0
1,0,4,5.65,0
1,1,2,1.31,0
0,1,3,7.83,0
0,1,3,6.69,1
1,1,3,1.5,1
1,0,2,1.49,0
0,0,3,5.21,1
0,0,3,4.24,0
0,0,3,3.03,0
0,0,3,4.89,0
1,1,4,8.03,1
1,0,5,6.3,1
0,0,4,7.07,1
1,0,3,5.11,1
0,0,4,5.62,1
0,0,3,6.75,1
1,1,4,5.55,1
1,0,3,2.47,0
0,0,4,4.23,1
1,1,3,3.11,0
0,0,4,2.62,1
0,1,1,3.37,0
0,0,2,2.68,1
1,1,3,5.77,1
0,1,3,5.03,0
1,1,2,0.87,0
0,0,4,6.75,0
1,0,5,5.86,1
0,1,5,7.82,1
0,0,2,4.39,1
0,0,5,4.03,1
0,0,3,5.33,1
0,0,3,5.63,0
0,1,4,6.31,1
0,1,4,3.96,1
0,0,3,4.62,0
0,0,3,3.91,1
0,0,4,4.77,1
0,0,3,5.4,1
0,0,3,0.35,1
0,1,1,4.21,0
1,1,2,1.7,0
1,0,3,4.34,0
0,0,3,6.27,1
0,0,4,6.94,1
0,1,1,3.85,0
0,1,3,4.76,0
0,0,3,2.07,0
0,0,3,5.43,1
0,0,3,5.96,0
0,1,1,4.2,1
0,0,3,6.03,1
0,0,2,8.55,0
1,0,2,6.76,1
0,0,4,3.91,1
0,0,2,7.57,1
0,0,3,4.96,0
0,0,3,2.07,0
0,0,3,3.95,1
1,1,4,5.86,0
1,1,4,9.4,1
0,0,3,5.69,0
0,0,3,4.59,1
0,0,4,5.87,1
0,0,3,2.93,0
0,0,4,6.35,1
0,1,3,4.34,0
0,1,4,7.44,1
0,0,3,4.14,1
1,0,2,0.63,1
1,0,4,5.37,1
0,1,2,6.58,0
0,0,4,4.78,1
1,1,2,5.55,0
0,1,3,5.14,0
0,0,1,0.62,1
0,0,4,5.47,1
1,0,2,6.67,1
0,0,5,3.37,1
0,1,4,9.07,1
0,0,3,4.72,0
0,0,5,8.24,0
0,0,4,4.82,1
1,0,3,7.04,1
0,1,2,4.03,0
0,0,2,1.89,0
0,1,1,4.52,0
0,0,4,6.9,1
0,0,5,7.2,1
1,0,2,2.68,0
0,0,4,4.65,0
0,1,4,4.6,1
0,1,2,3.83,0
0,0,5,5.36,1
0,0,3,1.94,0
1,0,2,5.08,0
0,0,5,4.97,1
0,0,4,7.46,1
0,0,3,2.98,1
0,1,1,6.87,1
0,1,3,5.3,1
1,0,4,6.04,0
0,0,2,3.49,1
1,0,2,5.49,0
1,1,4,3.02,1
0,0,4,5.49,1
1,1,4,4.13,1
0,1,3,3.81,0
0,1,1,1.08,0
0,0,4,5.58,1
1,0,3,4.74,0
0,0,4,6.72,1
0,0,3,6.04,1
0,1,3,3.87,0
0,0,1,2.5,0
0,0,4,7.24,1
0,0,1,6.42,0
0,0,4,4.55,1
0,0,3,4.6,1
0,1,3,4.57,1
0,0,5,8.05,1
0,0,3,5.59,1
0,0,5,3.76,1
0,0,5,4.83,1
0,0,4,7.13,0
1,1,2,4.07,1
0,0,2,6.81,0
0,1,4,1.7,0
1,0,2,4.83,1
0,1,2,1.76,0
0,1,4,3.6,1
0,0,3,5.18,0
1,1,4,5.3,1
1,0,3,2.23,0
0,0,4,7.65,1
0,0,1,4.05,0
0,0,3,3.0,0
0,0,2,3.73,0
0,0,4,4.9,1
0,0,4,9.59,1
0,1,2,4.84,0
0,0,2,5.83,0
0,0,1,5.31,0
0,0,4,3.93,0
0,0,4,4.12,1
0,1,1,6.21,0
0,0,4,3.24,0
1,0,3,4.88,0
1,0,5,6.48,0
0,0,4,4.06,1
0,1,5,2.61,1
0,1,1,4.08,0
0,1,3,8.32,1
0,1,3,2.06,0
0,1,5,3.9,1
0,0,3,6.42,1
0,0,2,5.81,0
0,0,2,2.15,0
0,0,2,2.7,1
1,0,3,5.79,0
0,1,2,6.75,1
0,0,4,4.97,0
0,0,3,5.56,0
0,0,2,7.62,0
0,0,4,5.88,0
0,0,3,3.47,0
1,0,2,2.61,0
0,1,2,2.74,0
1,0,2,3.39,0
1,0,3,4.8,0
0,0,2,3.06,0
1,0,2,2.4,0
0,0,3,4.22,1
0,1,2,6.92,1
0,0,3,4.93,1
0,1,4,3.15,0
0,0,4,3.78,1
0,1,3,3.74,0
0,0,4,6.17,1
0,0,2,5.55,1
1,0,3,4.95,1
0,1,4,6.16,0
1,1,3,3.22,1
0,0,4,5.0,1
1,0,2,4.73,0
0,0,3,4.21,0
0,0,4,5.4,0
0,1,3,5.25,0
0,0,1,2.77,0
0,0,2,7.21,0
0,0,3,5.28,0
0,0,5,7.12,1
0,1,2,4.95,1
0,0,4,4.27,1
0,1,3,5.21,1
1,0,3,5.93,0
0,0,3,5.69,1
0,0,5,6.72,0
0,1,3,2.85,0
0,0,2,3.26,1
1,0,4,7.57,1
0,1,3,7.96,1
1,0,4,7.28,1
0,0,3,3.71,0
